species,decimalLongitude,decimalLatitude,countryCode,year,basisOfRecord,.val,.equ,.zer,.cap,.cen,.gbf,.inst
lapageria-rosea,-71.357087,-36.152437,CL,2026,HUMAN_OBSERVATION,TRUE,TRUE,TRUE,TRUE,TRUE,TRUE,TRUE
lapageria-rosea,-73.233962,-40.487193,CL,2026,HUMAN_OBSERVATION,TRUE,TRUE,TRUE,TRUE,TRUE,TRUE,TRUE
lapageria-rosea,-73.062508,-36.974548,CL,2026,HUMAN_OBSERVATION,TRUE,TRUE,TRUE,TRUE,TRUE,TRUE,TRUE
lapageria-rosea,-72.42512,-39.770567,CL,2026,HUMAN_OBSERVATION,TRUE,TRUE,TRUE,TRUE,TRUE,TRUE,TRUE
lapageria-rosea,-71.731605,-36.800687,CL,2026,HUMAN_OBSERVATION,TRUE,TRUE,TRUE,TRUE,TRUE,TRUE,TRUE
lapageria-rosea,-71.924942,-39.27843,CL,2026,HUMAN_OBSERVATION,TRUE,TRUE,TRUE,TRUE,TRUE,TRUE,TRUE
lapageria-rosea,-72.342308,-39.69727,CL,2026,HUMAN_OBSERVATION,TRUE,TRUE,TRUE,TRUE,TRUE,TRUE,TRUE
lapageria-rosea,-72.751655,-37.759587,CL,2026,HUMAN_OBSERVATION,TRUE,TRUE,TRUE,TRUE,TRUE,TRUE,TRUE
lapageria-rosea,-73.253075,-39.752063,CL,2026,HUMAN_OBSERVATION,TRUE,TRUE,TRUE,TRUE,TRUE,TRUE,TRUE
lapageria-rosea,-72.644181,-36.206964,CL,2026,HUMAN_OBSERVATION,TRUE,TRUE,TRUE,TRUE,TRUE,TRUE,TRUE
lapageria-rosea,-72.791288,-37.770672,CL,2026,HUMAN_OBSERVATION,TRUE,TRUE,TRUE,TRUE,TRUE,TRUE,TRUE
lapageria-rosea,-72.521181,-35.833893,CL,2026,HUMAN_OBSERVATION,TRUE,TRUE,TRUE,TRUE,TRUE,TRUE,TRUE
lapageria-rosea,-73.295146,-39.846051,CL,2026,HUMAN_OBSERVATION,TRUE,TRUE,TRUE,TRUE,TRUE,TRUE,TRUE
lapageria-rosea,-72.966435,-36.74295,CL,2026,HUMAN_OBSERVATION,TRUE,TRUE,TRUE,TRUE,TRUE,TRUE,TRUE
lapageria-rosea,-72.820787,-40.609138,CL,2026,HUMAN_OBSERVATION,TRUE,TRUE,TRUE,TRUE,TRUE,TRUE,TRUE
lapageria-rosea,-73.128738,-39.907025,CL,2026,HUMAN_OBSERVATION,TRUE,TRUE,TRUE,TRUE,TRUE,TRUE,TRUE
lapageria-rosea,-72.173467,-40.281772,CL,2026,HUMAN_OBSERVATION,TRUE,TRUE,TRUE,TRUE,TRUE,TRUE,TRUE
lapageria-rosea,-73.382295,-39.744483,CL,2026,HUMAN_OBSERVATION,TRUE,TRUE,TRUE,TRUE,TRUE,TRUE,TRUE
lapageria-rosea,-72.50602,-35.832943,CL,2026,HUMAN_OBSERVATION,TRUE,TRUE,TRUE,TRUE,TRUE,TRUE,TRUE
lapageria-rosea,-72.5046,-35.832638,CL,2026,HUMAN_OBSERVATION,TRUE,TRUE,TRUE,TRUE,TRUE,TRUE,TRUE
lapageria-rosea,-72.508118,-35.829807,CL,2026,HUMAN_OBSERVATION,TRUE,TRUE,TRUE,TRUE,TRUE,TRUE,TRUE
lapageria-rosea,-72.516478,-36.702191,CL,2026,HUMAN_OBSERVATION,TRUE,TRUE,TRUE,TRUE,TRUE,TRUE,TRUE
lapageria-rosea,-73.141739,-39.045399,CL,2026,HUMAN_OBSERVATION,TRUE,TRUE,TRUE,TRUE,TRUE,TRUE,TRUE
lapageria-rosea,-72.319594,-38.150586,CL,2026,HUMAN_OBSERVATION,TRUE,TRUE,TRUE,TRUE,TRUE,TRUE,TRUE
lapageria-rosea,-73.0392,-36.839973,CL,2026,HUMAN_OBSERVATION,TRUE,TRUE,TRUE,TRUE,TRUE,TRUE,TRUE
lapageria-rosea,-72.649734,-38.687111,CL,2026,HUMAN_OBSERVATION,TRUE,TRUE,TRUE,TRUE,TRUE,TRUE,TRUE
lapageria-rosea,-73.184062,-38.01343,CL,2026,HUMAN_OBSERVATION,TRUE,TRUE,TRUE,TRUE,TRUE,TRUE,TRUE
lapageria-rosea,-71.872038,-39.324278,CL,2026,HUMAN_OBSERVATION,TRUE,TRUE,TRUE,TRUE,TRUE,TRUE,TRUE
lapageria-rosea,-73.259972,-39.802895,CL,2026,HUMAN_OBSERVATION,TRUE,TRUE,TRUE,TRUE,TRUE,TRUE,TRUE
lapageria-rosea,-71.918931,-39.711253,CL,2026,HUMAN_OBSERVATION,TRUE,TRUE,TRUE,TRUE,TRUE,TRUE,TRUE
lapageria-rosea,-71.988837,-39.842853,CL,2026,HUMAN_OBSERVATION,TRUE,TRUE,TRUE,TRUE,TRUE,TRUE,TRUE
lapageria-rosea,-73.274751,-39.759729,CL,2026,HUMAN_OBSERVATION,TRUE,TRUE,TRUE,TRUE,TRUE,TRUE,TRUE
lapageria-rosea,-71.681501,-37.387887,CL,2026,HUMAN_OBSERVATION,TRUE,TRUE,TRUE,TRUE,TRUE,TRUE,TRUE
lapageria-rosea,-73.627778,-40.987642,CL,2026,HUMAN_OBSERVATION,TRUE,TRUE,TRUE,TRUE,TRUE,TRUE,TRUE
lapageria-rosea,-71.666799,-37.75171,CL,2026,HUMAN_OBSERVATION,TRUE,TRUE,TRUE,TRUE,TRUE,TRUE,TRUE
lapageria-rosea,-71.670502,-39.401401,CL,2026,HUMAN_OBSERVATION,TRUE,TRUE,TRUE,TRUE,TRUE,TRUE,TRUE
lapageria-rosea,-72.27288,-35.587176,CL,2026,HUMAN_OBSERVATION,TRUE,TRUE,TRUE,TRUE,TRUE,TRUE,TRUE
lapageria-rosea,-72.246808,-40.135823,CL,2026,HUMAN_OBSERVATION,TRUE,TRUE,TRUE,TRUE,TRUE,TRUE,TRUE
lapageria-rosea,-72.213958,-38.622263,CL,2026,HUMAN_OBSERVATION,TRUE,TRUE,TRUE,TRUE,TRUE,TRUE,TRUE
lapageria-rosea,-72.938938,-37.931047,CL,2026,HUMAN_OBSERVATION,TRUE,TRUE,TRUE,TRUE,TRUE,TRUE,TRUE
lapageria-rosea,-73.421314,-37.532482,CL,2026,HUMAN_OBSERVATION,TRUE,TRUE,TRUE,TRUE,TRUE,TRUE,TRUE
lapageria-rosea,-73.274742,-39.759762,CL,2026,HUMAN_OBSERVATION,TRUE,TRUE,TRUE,TRUE,TRUE,TRUE,TRUE
lapageria-rosea,-72.990355,-36.883675,CL,2026,HUMAN_OBSERVATION,TRUE,TRUE,TRUE,TRUE,TRUE,TRUE,TRUE
lapageria-rosea,-71.695955,-37.774115,CL,2026,HUMAN_OBSERVATION,TRUE,TRUE,TRUE,TRUE,TRUE,TRUE,TRUE
lapageria-rosea,-72.250323,-39.850813,CL,2026,HUMAN_OBSERVATION,TRUE,TRUE,TRUE,TRUE,TRUE,TRUE,TRUE
lapageria-rosea,-71.974165,-39.331187,CL,2026,HUMAN_OBSERVATION,TRUE,TRUE,TRUE,TRUE,TRUE,TRUE,TRUE
lapageria-rosea,-73.047844,-36.847422,CL,2026,HUMAN_OBSERVATION,TRUE,TRUE,TRUE,TRUE,TRUE,TRUE,TRUE
lapageria-rosea,-71.628595,-33.71788,CL,2026,HUMAN_OBSERVATION,TRUE,TRUE,TRUE,TRUE,TRUE,TRUE,TRUE
lapageria-rosea,-73.047592,-36.84737,CL,2026,HUMAN_OBSERVATION,TRUE,TRUE,TRUE,TRUE,TRUE,TRUE,TRUE
lapageria-rosea,-73.047355,-36.847428,CL,2026,HUMAN_OBSERVATION,TRUE,TRUE,TRUE,TRUE,TRUE,TRUE,TRUE
lapageria-rosea,-73.315048,-39.77451,CL,2026,HUMAN_OBSERVATION,TRUE,TRUE,TRUE,TRUE,TRUE,TRUE,TRUE
lapageria-rosea,-72.246445,-38.812938,CL,2026,HUMAN_OBSERVATION,TRUE,TRUE,TRUE,TRUE,TRUE,TRUE,TRUE
lapageria-rosea,-73.037208,-39.592913,CL,2026,HUMAN_OBSERVATION,TRUE,TRUE,TRUE,TRUE,TRUE,TRUE,TRUE
lapageria-rosea,-73.038033,-39.592095,CL,2026,HUMAN_OBSERVATION,TRUE,TRUE,TRUE,TRUE,TRUE,TRUE,TRUE
lapageria-rosea,-73.155163,-37.171805,CL,2026,HUMAN_OBSERVATION,TRUE,TRUE,TRUE,TRUE,TRUE,TRUE,TRUE
lapageria-rosea,-73.047569,-36.84735,CL,2026,HUMAN_OBSERVATION,TRUE,TRUE,TRUE,TRUE,TRUE,TRUE,TRUE
lapageria-rosea,-72.002486,-34.387212,CL,2026,HUMAN_OBSERVATION,TRUE,TRUE,TRUE,TRUE,TRUE,TRUE,TRUE
lapageria-rosea,-73.112433,-36.849587,CL,2026,HUMAN_OBSERVATION,TRUE,TRUE,TRUE,TRUE,TRUE,TRUE,TRUE
lapageria-rosea,-73.000351,-36.935349,CL,2026,HUMAN_OBSERVATION,TRUE,TRUE,TRUE,TRUE,TRUE,TRUE,TRUE
lapageria-rosea,-72.516478,-36.702191,CL,2026,HUMAN_OBSERVATION,TRUE,TRUE,TRUE,TRUE,TRUE,TRUE,TRUE
lapageria-rosea,-72.96843,-36.885308,CL,2026,HUMAN_OBSERVATION,TRUE,TRUE,TRUE,TRUE,TRUE,TRUE,TRUE
lapageria-rosea,-72.728905,-36.54347,CL,2026,HUMAN_OBSERVATION,TRUE,TRUE,TRUE,TRUE,TRUE,TRUE,TRUE
lapageria-rosea,-72.96985,-36.884238,CL,2026,HUMAN_OBSERVATION,TRUE,TRUE,TRUE,TRUE,TRUE,TRUE,TRUE
lapageria-rosea,-72.961968,-36.886208,CL,2026,HUMAN_OBSERVATION,TRUE,TRUE,TRUE,TRUE,TRUE,TRUE,TRUE
lapageria-rosea,-71.979348,-37.866898,CL,2026,HUMAN_OBSERVATION,TRUE,TRUE,TRUE,TRUE,TRUE,TRUE,TRUE
lapageria-rosea,-72.106925,-39.508462,CL,2026,HUMAN_OBSERVATION,TRUE,TRUE,TRUE,TRUE,TRUE,TRUE,TRUE
lapageria-rosea,-71.846072,-39.298567,CL,2026,HUMAN_OBSERVATION,TRUE,TRUE,TRUE,TRUE,TRUE,TRUE,TRUE
lapageria-rosea,-71.818031,-39.190441,CL,2026,HUMAN_OBSERVATION,TRUE,TRUE,TRUE,TRUE,TRUE,TRUE,TRUE
lapageria-rosea,-71.354849,-36.235874,CL,2026,HUMAN_OBSERVATION,TRUE,TRUE,TRUE,TRUE,TRUE,TRUE,TRUE
lapageria-rosea,-71.841382,-39.249502,CL,2026,HUMAN_OBSERVATION,TRUE,TRUE,TRUE,TRUE,TRUE,TRUE,TRUE
lapageria-rosea,-71.945883,-39.121055,CL,2026,HUMAN_OBSERVATION,TRUE,TRUE,TRUE,TRUE,TRUE,TRUE,TRUE
lapageria-rosea,-72.12871,-39.489778,CL,2026,HUMAN_OBSERVATION,TRUE,TRUE,TRUE,TRUE,TRUE,TRUE,TRUE
lapageria-rosea,-71.740697,-38.461171,CL,2026,HUMAN_OBSERVATION,TRUE,TRUE,TRUE,TRUE,TRUE,TRUE,TRUE
lapageria-rosea,-73.031298,-36.830948,CL,2026,HUMAN_OBSERVATION,TRUE,TRUE,TRUE,TRUE,TRUE,TRUE,TRUE
lapageria-rosea,-71.781204,-39.090305,CL,2026,HUMAN_OBSERVATION,TRUE,TRUE,TRUE,TRUE,TRUE,TRUE,TRUE
lapageria-rosea,-72.271396,-39.831025,CL,2026,HUMAN_OBSERVATION,TRUE,TRUE,TRUE,TRUE,TRUE,TRUE,TRUE
lapageria-rosea,-73.42543,-37.311847,CL,2026,HUMAN_OBSERVATION,TRUE,TRUE,TRUE,TRUE,TRUE,TRUE,TRUE
lapageria-rosea,-72.97872,-36.592888,CL,2026,HUMAN_OBSERVATION,TRUE,TRUE,TRUE,TRUE,TRUE,TRUE,TRUE
lapageria-rosea,-71.286737,-36.314708,CL,2026,HUMAN_OBSERVATION,TRUE,TRUE,TRUE,TRUE,TRUE,TRUE,TRUE
lapageria-rosea,-72.791356,-40.019663,CL,2026,HUMAN_OBSERVATION,TRUE,TRUE,TRUE,TRUE,TRUE,TRUE,TRUE
lapageria-rosea,-71.811132,-39.18107,CL,2026,HUMAN_OBSERVATION,TRUE,TRUE,TRUE,TRUE,TRUE,TRUE,TRUE
lapageria-rosea,-73.234016,-39.857151,CL,2026,HUMAN_OBSERVATION,TRUE,TRUE,TRUE,TRUE,TRUE,TRUE,TRUE
lapageria-rosea,-73.137069,-39.858581,CL,2026,HUMAN_OBSERVATION,TRUE,TRUE,TRUE,TRUE,TRUE,TRUE,TRUE
lapageria-rosea,-72.687233,-35.982517,CL,2026,HUMAN_OBSERVATION,TRUE,TRUE,TRUE,TRUE,TRUE,TRUE,TRUE
lapageria-rosea,-72.687835,-35.98663,CL,2026,HUMAN_OBSERVATION,TRUE,TRUE,TRUE,TRUE,TRUE,TRUE,TRUE
lapageria-rosea,-73.398863,-39.873988,CL,2026,HUMAN_OBSERVATION,TRUE,TRUE,TRUE,TRUE,TRUE,TRUE,TRUE
lapageria-rosea,-72.88979,-36.588708,CL,2026,HUMAN_OBSERVATION,TRUE,TRUE,TRUE,TRUE,TRUE,TRUE,TRUE
lapageria-rosea,-73.339457,-38.779874,CL,2026,HUMAN_OBSERVATION,TRUE,TRUE,TRUE,TRUE,TRUE,TRUE,TRUE
lapageria-rosea,-72.689658,-35.987843,CL,2026,HUMAN_OBSERVATION,TRUE,TRUE,TRUE,TRUE,TRUE,TRUE,TRUE
lapageria-rosea,-72.504978,-35.834348,CL,2026,HUMAN_OBSERVATION,TRUE,TRUE,TRUE,TRUE,TRUE,TRUE,TRUE
lapageria-rosea,-72.67443,-39.125885,CL,2026,HUMAN_OBSERVATION,TRUE,TRUE,TRUE,TRUE,TRUE,TRUE,TRUE
lapageria-rosea,-73.123229,-39.193888,CL,2026,HUMAN_OBSERVATION,TRUE,TRUE,TRUE,TRUE,TRUE,TRUE,TRUE
lapageria-rosea,-72.664084,-39.163442,CL,2026,HUMAN_OBSERVATION,TRUE,TRUE,TRUE,TRUE,TRUE,TRUE,TRUE
lapageria-rosea,-71.9926,-39.274287,CL,2026,HUMAN_OBSERVATION,TRUE,TRUE,TRUE,TRUE,TRUE,TRUE,TRUE
lapageria-rosea,-73.397947,-39.87413,CL,2026,HUMAN_OBSERVATION,TRUE,TRUE,TRUE,TRUE,TRUE,TRUE,TRUE
lapageria-rosea,-73.060919,-38.864645,CL,2026,HUMAN_OBSERVATION,TRUE,TRUE,TRUE,TRUE,TRUE,TRUE,TRUE
lapageria-rosea,-73.122605,-36.787763,CL,2026,HUMAN_OBSERVATION,TRUE,TRUE,TRUE,TRUE,TRUE,TRUE,TRUE
lapageria-rosea,-73.042786,-36.839546,CL,2026,HUMAN_OBSERVATION,TRUE,TRUE,TRUE,TRUE,TRUE,TRUE,TRUE
lapageria-rosea,-72.938814,-37.9347,CL,2026,HUMAN_OBSERVATION,TRUE,TRUE,TRUE,TRUE,TRUE,TRUE,TRUE
lapageria-rosea,-73.190069,-39.649561,CL,2026,HUMAN_OBSERVATION,TRUE,TRUE,TRUE,TRUE,TRUE,TRUE,TRUE
lapageria-rosea,-72.726937,-39.815322,CL,2026,HUMAN_OBSERVATION,TRUE,TRUE,TRUE,TRUE,TRUE,TRUE,TRUE
lapageria-rosea,-73.091789,-39.732995,CL,2026,HUMAN_OBSERVATION,TRUE,TRUE,TRUE,TRUE,TRUE,TRUE,TRUE
lapageria-rosea,-73.047742,-36.847473,CL,2026,HUMAN_OBSERVATION,TRUE,TRUE,TRUE,TRUE,TRUE,TRUE,TRUE
lapageria-rosea,-73.047344,-36.847322,CL,2026,HUMAN_OBSERVATION,TRUE,TRUE,TRUE,TRUE,TRUE,TRUE,TRUE
lapageria-rosea,-73.047119,-36.847275,CL,2026,HUMAN_OBSERVATION,TRUE,TRUE,TRUE,TRUE,TRUE,TRUE,TRUE
lapageria-rosea,-73.36337,-40.200769,CL,2026,HUMAN_OBSERVATION,TRUE,TRUE,TRUE,TRUE,TRUE,TRUE,TRUE
lapageria-rosea,-73.047583,-36.847333,CL,2026,HUMAN_OBSERVATION,TRUE,TRUE,TRUE,TRUE,TRUE,TRUE,TRUE
lapageria-rosea,-72.966366,-36.758097,CL,2026,HUMAN_OBSERVATION,TRUE,TRUE,TRUE,TRUE,TRUE,TRUE,TRUE
lapageria-rosea,-73.237066,-39.859888,CL,2026,HUMAN_OBSERVATION,TRUE,TRUE,TRUE,TRUE,TRUE,TRUE,TRUE
lapageria-rosea,-72.937073,-37.93714,CL,2026,HUMAN_OBSERVATION,TRUE,TRUE,TRUE,TRUE,TRUE,TRUE,TRUE
lapageria-rosea,-73.047432,-36.847288,CL,2026,HUMAN_OBSERVATION,TRUE,TRUE,TRUE,TRUE,TRUE,TRUE,TRUE
lapageria-rosea,-71.982667,-39.536522,CL,2026,HUMAN_OBSERVATION,TRUE,TRUE,TRUE,TRUE,TRUE,TRUE,TRUE
lapageria-rosea,-73.025772,-36.84142,CL,2026,HUMAN_OBSERVATION,TRUE,TRUE,TRUE,TRUE,TRUE,TRUE,TRUE
lapageria-rosea,-72.744604,-38.658904,CL,2026,HUMAN_OBSERVATION,TRUE,TRUE,TRUE,TRUE,TRUE,TRUE,TRUE
lapageria-rosea,-73.047067,-36.847295,CL,2026,HUMAN_OBSERVATION,TRUE,TRUE,TRUE,TRUE,TRUE,TRUE,TRUE
lapageria-rosea,-73.04773,-36.847378,CL,2026,HUMAN_OBSERVATION,TRUE,TRUE,TRUE,TRUE,TRUE,TRUE,TRUE
lapageria-rosea,-73.04728,-36.847428,CL,2026,HUMAN_OBSERVATION,TRUE,TRUE,TRUE,TRUE,TRUE,TRUE,TRUE
lapageria-rosea,-73.027655,-36.843855,CL,2026,HUMAN_OBSERVATION,TRUE,TRUE,TRUE,TRUE,TRUE,TRUE,TRUE
lapageria-rosea,-72.996086,-36.854305,CL,2026,HUMAN_OBSERVATION,TRUE,TRUE,TRUE,TRUE,TRUE,TRUE,TRUE
lapageria-rosea,-73.027642,-36.843912,CL,2026,HUMAN_OBSERVATION,TRUE,TRUE,TRUE,TRUE,TRUE,TRUE,TRUE
lapageria-rosea,-72.791666,-36.131522,CL,2026,HUMAN_OBSERVATION,TRUE,TRUE,TRUE,TRUE,TRUE,TRUE,TRUE
lapageria-rosea,-73.033722,-36.848145,CL,2026,HUMAN_OBSERVATION,TRUE,TRUE,TRUE,TRUE,TRUE,TRUE,TRUE
lapageria-rosea,-73.209573,-37.782949,CL,2026,HUMAN_OBSERVATION,TRUE,TRUE,TRUE,TRUE,TRUE,TRUE,TRUE
lapageria-rosea,-72.462867,-40.332492,CL,2026,HUMAN_OBSERVATION,TRUE,TRUE,TRUE,TRUE,TRUE,TRUE,TRUE
lapageria-rosea,-72.98742,-36.880688,CL,2026,HUMAN_OBSERVATION,TRUE,TRUE,TRUE,TRUE,TRUE,TRUE,TRUE
lapageria-rosea,-72.640862,-39.917717,CL,2026,HUMAN_OBSERVATION,TRUE,TRUE,TRUE,TRUE,TRUE,TRUE,TRUE
lapageria-rosea,-71.534258,-35.559665,CL,2026,HUMAN_OBSERVATION,TRUE,TRUE,TRUE,TRUE,TRUE,TRUE,TRUE
lapageria-rosea,-71.779358,-39.370395,CL,2026,HUMAN_OBSERVATION,TRUE,TRUE,TRUE,TRUE,TRUE,TRUE,TRUE
lapageria-rosea,-72.792114,-37.249466,CL,2026,HUMAN_OBSERVATION,TRUE,TRUE,TRUE,TRUE,TRUE,TRUE,TRUE
lapageria-rosea,-73.047597,-36.847357,CL,2026,HUMAN_OBSERVATION,TRUE,TRUE,TRUE,TRUE,TRUE,TRUE,TRUE
lapageria-rosea,-71.980553,-39.831253,CL,2026,HUMAN_OBSERVATION,TRUE,TRUE,TRUE,TRUE,TRUE,TRUE,TRUE
lapageria-rosea,-73.274198,-39.757286,CL,2026,HUMAN_OBSERVATION,TRUE,TRUE,TRUE,TRUE,TRUE,TRUE,TRUE
lapageria-rosea,-71.704863,-37.383038,CL,2026,HUMAN_OBSERVATION,TRUE,TRUE,TRUE,TRUE,TRUE,TRUE,TRUE
lapageria-rosea,-73.4821,-37.814493,CL,2026,HUMAN_OBSERVATION,TRUE,TRUE,TRUE,TRUE,TRUE,TRUE,TRUE
lapageria-rosea,-72.202597,-38.621728,CL,2026,HUMAN_OBSERVATION,TRUE,TRUE,TRUE,TRUE,TRUE,TRUE,TRUE
lapageria-rosea,-72.910726,-36.746905,CL,2026,HUMAN_OBSERVATION,TRUE,TRUE,TRUE,TRUE,TRUE,TRUE,TRUE
lapageria-rosea,-73.045148,-36.836947,CL,2026,HUMAN_OBSERVATION,TRUE,TRUE,TRUE,TRUE,TRUE,TRUE,TRUE
lapageria-rosea,-72.594105,-38.722994,CL,2026,HUMAN_OBSERVATION,TRUE,TRUE,TRUE,TRUE,TRUE,TRUE,TRUE
lapageria-rosea,-71.954207,-39.852465,CL,2026,HUMAN_OBSERVATION,TRUE,TRUE,TRUE,TRUE,TRUE,TRUE,TRUE
lapageria-rosea,-72.082657,-39.558697,CL,2026,HUMAN_OBSERVATION,TRUE,TRUE,TRUE,TRUE,TRUE,TRUE,TRUE
lapageria-rosea,-73.049194,-36.852894,CL,2026,HUMAN_OBSERVATION,TRUE,TRUE,TRUE,TRUE,TRUE,TRUE,TRUE
lapageria-rosea,-73.042442,-36.837452999999996,CL,2026,HUMAN_OBSERVATION,TRUE,TRUE,TRUE,TRUE,TRUE,TRUE,TRUE
lapageria-rosea,-73.038413,-36.843149,CL,2026,HUMAN_OBSERVATION,TRUE,TRUE,TRUE,TRUE,TRUE,TRUE,TRUE
lapageria-rosea,-72.959642,-36.599378,CL,2026,HUMAN_OBSERVATION,TRUE,TRUE,TRUE,TRUE,TRUE,TRUE,TRUE
lapageria-rosea,-72.959686,-36.599339,CL,2026,HUMAN_OBSERVATION,TRUE,TRUE,TRUE,TRUE,TRUE,TRUE,TRUE
lapageria-rosea,-73.040869,-36.843467,CL,2026,HUMAN_OBSERVATION,TRUE,TRUE,TRUE,TRUE,TRUE,TRUE,TRUE
lapageria-rosea,-72.939901,-37.30093,CL,2026,HUMAN_OBSERVATION,TRUE,TRUE,TRUE,TRUE,TRUE,TRUE,TRUE
lapageria-rosea,-71.875309,-38.931598,CL,2026,HUMAN_OBSERVATION,TRUE,TRUE,TRUE,TRUE,TRUE,TRUE,TRUE
lapageria-rosea,-72.959332,-36.599477,CL,2026,HUMAN_OBSERVATION,TRUE,TRUE,TRUE,TRUE,TRUE,TRUE,TRUE
lapageria-rosea,-72.959729,-36.599489,CL,2026,HUMAN_OBSERVATION,TRUE,TRUE,TRUE,TRUE,TRUE,TRUE,TRUE
lapageria-rosea,-72.96285,-36.600722,CL,2026,HUMAN_OBSERVATION,TRUE,TRUE,TRUE,TRUE,TRUE,TRUE,TRUE
lapageria-rosea,-72.941376,-37.298206,CL,2026,HUMAN_OBSERVATION,TRUE,TRUE,TRUE,TRUE,TRUE,TRUE,TRUE
lapageria-rosea,-72.95955,-36.599374,CL,2026,HUMAN_OBSERVATION,TRUE,TRUE,TRUE,TRUE,TRUE,TRUE,TRUE
lapageria-rosea,-72.20288,-39.670667,CL,2026,HUMAN_OBSERVATION,TRUE,TRUE,TRUE,TRUE,TRUE,TRUE,TRUE
lapageria-rosea,-72.959646,-36.599296,CL,2026,HUMAN_OBSERVATION,TRUE,TRUE,TRUE,TRUE,TRUE,TRUE,TRUE
lapageria-rosea,-73.041503,-36.84345,CL,2026,HUMAN_OBSERVATION,TRUE,TRUE,TRUE,TRUE,TRUE,TRUE,TRUE
lapageria-rosea,-71.469499,-36.595773,CL,2026,HUMAN_OBSERVATION,TRUE,TRUE,TRUE,TRUE,TRUE,TRUE,TRUE
lapageria-rosea,-72.95961,-36.599387,CL,2026,HUMAN_OBSERVATION,TRUE,TRUE,TRUE,TRUE,TRUE,TRUE,TRUE
lapageria-rosea,-73.047605,-36.847355,CL,2026,HUMAN_OBSERVATION,TRUE,TRUE,TRUE,TRUE,TRUE,TRUE,TRUE
lapageria-rosea,-72.945389,-37.298897,CL,2026,HUMAN_OBSERVATION,TRUE,TRUE,TRUE,TRUE,TRUE,TRUE,TRUE
lapageria-rosea,-72.88868,-40.324467,CL,2026,HUMAN_OBSERVATION,TRUE,TRUE,TRUE,TRUE,TRUE,TRUE,TRUE
lapageria-rosea,-72.937705,-37.296245,CL,2026,HUMAN_OBSERVATION,TRUE,TRUE,TRUE,TRUE,TRUE,TRUE,TRUE
lapageria-rosea,-72.95975,-36.599345,CL,2026,HUMAN_OBSERVATION,TRUE,TRUE,TRUE,TRUE,TRUE,TRUE,TRUE
lapageria-rosea,-72.959537,-36.599257,CL,2026,HUMAN_OBSERVATION,TRUE,TRUE,TRUE,TRUE,TRUE,TRUE,TRUE
lapageria-rosea,-73.11103,-40.603505,CL,2026,HUMAN_OBSERVATION,TRUE,TRUE,TRUE,TRUE,TRUE,TRUE,TRUE
lapageria-rosea,-73.042275,-36.844288,CL,2026,HUMAN_OBSERVATION,TRUE,TRUE,TRUE,TRUE,TRUE,TRUE,TRUE
lapageria-rosea,-73.039955,-36.843545,CL,2026,HUMAN_OBSERVATION,TRUE,TRUE,TRUE,TRUE,TRUE,TRUE,TRUE
lapageria-rosea,-72.959686,-36.599484,CL,2026,HUMAN_OBSERVATION,TRUE,TRUE,TRUE,TRUE,TRUE,TRUE,TRUE
lapageria-rosea,-73.042328,-36.83958,CL,2026,HUMAN_OBSERVATION,TRUE,TRUE,TRUE,TRUE,TRUE,TRUE,TRUE
lapageria-rosea,-73.041479,-36.843432,CL,2026,HUMAN_OBSERVATION,TRUE,TRUE,TRUE,TRUE,TRUE,TRUE,TRUE
lapageria-rosea,-73.042228,-36.84457,CL,2026,HUMAN_OBSERVATION,TRUE,TRUE,TRUE,TRUE,TRUE,TRUE,TRUE
lapageria-rosea,-72.960844,-40.33964,CL,2026,HUMAN_OBSERVATION,TRUE,TRUE,TRUE,TRUE,TRUE,TRUE,TRUE
lapageria-rosea,-73.042886,-36.83813,CL,2026,HUMAN_OBSERVATION,TRUE,TRUE,TRUE,TRUE,TRUE,TRUE,TRUE
lapageria-rosea,-72.960378,-36.600647,CL,2026,HUMAN_OBSERVATION,TRUE,TRUE,TRUE,TRUE,TRUE,TRUE,TRUE
lapageria-rosea,-72.959603,-36.599369,CL,2026,HUMAN_OBSERVATION,TRUE,TRUE,TRUE,TRUE,TRUE,TRUE,TRUE
lapageria-rosea,-72.95959,-36.599913,CL,2026,HUMAN_OBSERVATION,TRUE,TRUE,TRUE,TRUE,TRUE,TRUE,TRUE
lapageria-rosea,-73.246864,-39.741889,CL,2026,HUMAN_OBSERVATION,TRUE,TRUE,TRUE,TRUE,TRUE,TRUE,TRUE
lapageria-rosea,-72.958011,-36.60003,CL,2026,HUMAN_OBSERVATION,TRUE,TRUE,TRUE,TRUE,TRUE,TRUE,TRUE
lapageria-rosea,-72.594633,-38.721664,CL,2026,HUMAN_OBSERVATION,TRUE,TRUE,TRUE,TRUE,TRUE,TRUE,TRUE
lapageria-rosea,-72.235932,-39.273048,CL,2026,HUMAN_OBSERVATION,TRUE,TRUE,TRUE,TRUE,TRUE,TRUE,TRUE
lapageria-rosea,-72.602013,-38.737854,CL,2026,HUMAN_OBSERVATION,TRUE,TRUE,TRUE,TRUE,TRUE,TRUE,TRUE
lapageria-rosea,-72.516478,-36.702191,CL,2026,HUMAN_OBSERVATION,TRUE,TRUE,TRUE,TRUE,TRUE,TRUE,TRUE
lapageria-rosea,-72.588727,-38.724891,CL,2026,HUMAN_OBSERVATION,TRUE,TRUE,TRUE,TRUE,TRUE,TRUE,TRUE
lapageria-rosea,-73.136931,-39.858851,CL,2026,HUMAN_OBSERVATION,TRUE,TRUE,TRUE,TRUE,TRUE,TRUE,TRUE
lapageria-rosea,-73.038054,-36.84262,CL,2026,HUMAN_OBSERVATION,TRUE,TRUE,TRUE,TRUE,TRUE,TRUE,TRUE
lapageria-rosea,-73.031716,-36.833414,CL,2026,HUMAN_OBSERVATION,TRUE,TRUE,TRUE,TRUE,TRUE,TRUE,TRUE
lapageria-rosea,-72.990875,-36.893528,CL,2026,HUMAN_OBSERVATION,TRUE,TRUE,TRUE,TRUE,TRUE,TRUE,TRUE
lapageria-rosea,-73.039886,-36.840283,CL,2026,HUMAN_OBSERVATION,TRUE,TRUE,TRUE,TRUE,TRUE,TRUE,TRUE
lapageria-rosea,-72.282848,-39.287595,CL,2026,HUMAN_OBSERVATION,TRUE,TRUE,TRUE,TRUE,TRUE,TRUE,TRUE
lapageria-rosea,-72.734898,-36.107547,CL,2026,HUMAN_OBSERVATION,TRUE,TRUE,TRUE,TRUE,TRUE,TRUE,TRUE
lapageria-rosea,-72.999391,-36.890203,CL,2026,HUMAN_OBSERVATION,TRUE,TRUE,TRUE,TRUE,TRUE,TRUE,TRUE
lapageria-rosea,-72.985474,-36.880165,CL,2026,HUMAN_OBSERVATION,TRUE,TRUE,TRUE,TRUE,TRUE,TRUE,TRUE
lapageria-rosea,-72.110262,-39.330522,CL,2026,HUMAN_OBSERVATION,TRUE,TRUE,TRUE,TRUE,TRUE,TRUE,TRUE
lapageria-rosea,-71.980975,-34.188208,CL,2026,HUMAN_OBSERVATION,TRUE,TRUE,TRUE,TRUE,TRUE,TRUE,TRUE
lapageria-rosea,-73.020805,-36.878292,CL,2026,HUMAN_OBSERVATION,TRUE,TRUE,TRUE,TRUE,TRUE,TRUE,TRUE
lapageria-rosea,-71.58686,-37.89828,CL,2026,HUMAN_OBSERVATION,TRUE,TRUE,TRUE,TRUE,TRUE,TRUE,TRUE
lapageria-rosea,-73.014404,-36.897743,CL,2026,HUMAN_OBSERVATION,TRUE,TRUE,TRUE,TRUE,TRUE,TRUE,TRUE
lapageria-rosea,-73.003727,-36.907145,CL,2026,HUMAN_OBSERVATION,TRUE,TRUE,TRUE,TRUE,TRUE,TRUE,TRUE
lapageria-rosea,-73.009598,-36.912445,CL,2026,HUMAN_OBSERVATION,TRUE,TRUE,TRUE,TRUE,TRUE,TRUE,TRUE
lapageria-rosea,-73.020412,-36.874456,CL,2026,HUMAN_OBSERVATION,TRUE,TRUE,TRUE,TRUE,TRUE,TRUE,TRUE
lapageria-rosea,-73.020516,-36.875943,CL,2026,HUMAN_OBSERVATION,TRUE,TRUE,TRUE,TRUE,TRUE,TRUE,TRUE
lapageria-rosea,-73.015182,-36.896458,CL,2026,HUMAN_OBSERVATION,TRUE,TRUE,TRUE,TRUE,TRUE,TRUE,TRUE
lapageria-rosea,-71.760003,-38.832004,CL,2026,HUMAN_OBSERVATION,TRUE,TRUE,TRUE,TRUE,TRUE,TRUE,TRUE
lapageria-rosea,-73.015244,-36.896347,CL,2026,HUMAN_OBSERVATION,TRUE,TRUE,TRUE,TRUE,TRUE,TRUE,TRUE
lapageria-rosea,-72.409012,-39.306033,CL,2026,HUMAN_OBSERVATION,TRUE,TRUE,TRUE,TRUE,TRUE,TRUE,TRUE
lapageria-rosea,-73.018936,-36.862644,CL,2026,HUMAN_OBSERVATION,TRUE,TRUE,TRUE,TRUE,TRUE,TRUE,TRUE
lapageria-rosea,-73.02343,-36.859215,CL,2026,HUMAN_OBSERVATION,TRUE,TRUE,TRUE,TRUE,TRUE,TRUE,TRUE
lapageria-rosea,-73.021167,-36.880532,CL,2026,HUMAN_OBSERVATION,TRUE,TRUE,TRUE,TRUE,TRUE,TRUE,TRUE
lapageria-rosea,-71.586669,-37.898308,CL,2026,HUMAN_OBSERVATION,TRUE,TRUE,TRUE,TRUE,TRUE,TRUE,TRUE
lapageria-rosea,-71.846123,-39.298469,CL,2026,HUMAN_OBSERVATION,TRUE,TRUE,TRUE,TRUE,TRUE,TRUE,TRUE
lapageria-rosea,-73.018295,-36.863579,CL,2026,HUMAN_OBSERVATION,TRUE,TRUE,TRUE,TRUE,TRUE,TRUE,TRUE
lapageria-rosea,-71.596817,-37.896662,CL,2026,HUMAN_OBSERVATION,TRUE,TRUE,TRUE,TRUE,TRUE,TRUE,TRUE
lapageria-rosea,-73.024327,-36.856565,CL,2026,HUMAN_OBSERVATION,TRUE,TRUE,TRUE,TRUE,TRUE,TRUE,TRUE
lapageria-rosea,-73.023155,-36.861641,CL,2026,HUMAN_OBSERVATION,TRUE,TRUE,TRUE,TRUE,TRUE,TRUE,TRUE
lapageria-rosea,-73.031387,-36.851978,CL,2026,HUMAN_OBSERVATION,TRUE,TRUE,TRUE,TRUE,TRUE,TRUE,TRUE
lapageria-rosea,-73.020585,-36.875612,CL,2026,HUMAN_OBSERVATION,TRUE,TRUE,TRUE,TRUE,TRUE,TRUE,TRUE
lapageria-rosea,-73.021375,-36.857755,CL,2026,HUMAN_OBSERVATION,TRUE,TRUE,TRUE,TRUE,TRUE,TRUE,TRUE
lapageria-rosea,-72.736362,-36.11075,CL,2026,HUMAN_OBSERVATION,TRUE,TRUE,TRUE,TRUE,TRUE,TRUE,TRUE
lapageria-rosea,-72.542476,-36.278813,CL,2026,HUMAN_OBSERVATION,TRUE,TRUE,TRUE,TRUE,TRUE,TRUE,TRUE
lapageria-rosea,-73.027332,-36.855108,CL,2026,HUMAN_OBSERVATION,TRUE,TRUE,TRUE,TRUE,TRUE,TRUE,TRUE
lapageria-rosea,-73.015244,-36.896347,CL,2026,HUMAN_OBSERVATION,TRUE,TRUE,TRUE,TRUE,TRUE,TRUE,TRUE
lapageria-rosea,-73.046079,-36.837585,CL,2026,HUMAN_OBSERVATION,TRUE,TRUE,TRUE,TRUE,TRUE,TRUE,TRUE
lapageria-rosea,-73.03138,-36.851955,CL,2026,HUMAN_OBSERVATION,TRUE,TRUE,TRUE,TRUE,TRUE,TRUE,TRUE
lapageria-rosea,-71.898217,-37.714025,CL,2026,HUMAN_OBSERVATION,TRUE,TRUE,TRUE,TRUE,TRUE,TRUE,TRUE
lapageria-rosea,-73.268762,-39.80183,CL,2026,HUMAN_OBSERVATION,TRUE,TRUE,TRUE,TRUE,TRUE,TRUE,TRUE
lapageria-rosea,-72.980025,-36.585697,CL,2026,HUMAN_OBSERVATION,TRUE,TRUE,TRUE,TRUE,TRUE,TRUE,TRUE
lapageria-rosea,-73.025039,-36.83498,CL,2026,HUMAN_OBSERVATION,TRUE,TRUE,TRUE,TRUE,TRUE,TRUE,TRUE
lapageria-rosea,-72.584623,-38.734094,CL,2026,HUMAN_OBSERVATION,TRUE,TRUE,TRUE,TRUE,TRUE,TRUE,TRUE
lapageria-rosea,-72.57032,-39.748096,CL,2026,HUMAN_OBSERVATION,TRUE,TRUE,TRUE,TRUE,TRUE,TRUE,TRUE
lapageria-rosea,-72.940436,-37.9342,CL,2026,HUMAN_OBSERVATION,TRUE,TRUE,TRUE,TRUE,TRUE,TRUE,TRUE
lapageria-rosea,-72.965545,-36.759783,CL,2026,HUMAN_OBSERVATION,TRUE,TRUE,TRUE,TRUE,TRUE,TRUE,TRUE
lapageria-rosea,-73.25948,-39.799952,CL,2026,HUMAN_OBSERVATION,TRUE,TRUE,TRUE,TRUE,TRUE,TRUE,TRUE
lapageria-rosea,-71.720595,-37.282025,CL,2026,HUMAN_OBSERVATION,TRUE,TRUE,TRUE,TRUE,TRUE,TRUE,TRUE
lapageria-rosea,-72.275813,-35.589317,CL,2026,HUMAN_OBSERVATION,TRUE,TRUE,TRUE,TRUE,TRUE,TRUE,TRUE
lapageria-rosea,-71.956508,-39.854077,CL,2026,HUMAN_OBSERVATION,TRUE,TRUE,TRUE,TRUE,TRUE,TRUE,TRUE
lapageria-rosea,-72.383448,-39.745965,CL,2026,HUMAN_OBSERVATION,TRUE,TRUE,TRUE,TRUE,TRUE,TRUE,TRUE
lapageria-rosea,-73.260253,-39.797859,CL,2026,HUMAN_OBSERVATION,TRUE,TRUE,TRUE,TRUE,TRUE,TRUE,TRUE
lapageria-rosea,-73.266414,-39.811385,CL,2026,HUMAN_OBSERVATION,TRUE,TRUE,TRUE,TRUE,TRUE,TRUE,TRUE
lapageria-rosea,-73.225412,-39.825895,CL,2026,HUMAN_OBSERVATION,TRUE,TRUE,TRUE,TRUE,TRUE,TRUE,TRUE
lapageria-rosea,-73.258977,-39.803136,CL,2026,HUMAN_OBSERVATION,TRUE,TRUE,TRUE,TRUE,TRUE,TRUE,TRUE
lapageria-rosea,-73.082532,-40.085925,CL,2026,HUMAN_OBSERVATION,TRUE,TRUE,TRUE,TRUE,TRUE,TRUE,TRUE
lapageria-rosea,-73.197315,-39.822971,CL,2026,HUMAN_OBSERVATION,TRUE,TRUE,TRUE,TRUE,TRUE,TRUE,TRUE
lapageria-rosea,-73.197422,-39.820292,CL,2026,HUMAN_OBSERVATION,TRUE,TRUE,TRUE,TRUE,TRUE,TRUE,TRUE
lapageria-rosea,-73.176892,-39.836885,CL,2026,HUMAN_OBSERVATION,TRUE,TRUE,TRUE,TRUE,TRUE,TRUE,TRUE
lapageria-rosea,-73.17537,-39.831524,CL,2026,HUMAN_OBSERVATION,TRUE,TRUE,TRUE,TRUE,TRUE,TRUE,TRUE
lapageria-rosea,-73.037882,-36.842423,CL,2026,HUMAN_OBSERVATION,TRUE,TRUE,TRUE,TRUE,TRUE,TRUE,TRUE
lapageria-rosea,-73.047683,-36.847378,CL,2026,HUMAN_OBSERVATION,TRUE,TRUE,TRUE,TRUE,TRUE,TRUE,TRUE
lapageria-rosea,-73.028404,-36.824623,CL,2026,HUMAN_OBSERVATION,TRUE,TRUE,TRUE,TRUE,TRUE,TRUE,TRUE
lapageria-rosea,-73.110062,-36.845773,CL,2026,HUMAN_OBSERVATION,TRUE,TRUE,TRUE,TRUE,TRUE,TRUE,TRUE
lapageria-rosea,-73.09642,-36.854237,CL,2026,HUMAN_OBSERVATION,TRUE,TRUE,TRUE,TRUE,TRUE,TRUE,TRUE
lapageria-rosea,-72.783176,-37.252033,CL,2026,HUMAN_OBSERVATION,TRUE,TRUE,TRUE,TRUE,TRUE,TRUE,TRUE
lapageria-rosea,-72.950841,-36.734905,CL,2026,HUMAN_OBSERVATION,TRUE,TRUE,TRUE,TRUE,TRUE,TRUE,TRUE
lapageria-rosea,-72.986442,-36.881116,CL,2026,HUMAN_OBSERVATION,TRUE,TRUE,TRUE,TRUE,TRUE,TRUE,TRUE
lapageria-rosea,-72.596618,-39.916817,CL,2026,HUMAN_OBSERVATION,TRUE,TRUE,TRUE,TRUE,TRUE,TRUE,TRUE
lapageria-rosea,-72.590263,-38.721858,CL,2026,HUMAN_OBSERVATION,TRUE,TRUE,TRUE,TRUE,TRUE,TRUE,TRUE
lapageria-rosea,-72.504821,-35.830342,CL,2026,HUMAN_OBSERVATION,TRUE,TRUE,TRUE,TRUE,TRUE,TRUE,TRUE
lapageria-rosea,-73.032834,-36.834184,CL,2026,HUMAN_OBSERVATION,TRUE,TRUE,TRUE,TRUE,TRUE,TRUE,TRUE
lapageria-rosea,-71.77398,-37.792795,CL,2026,HUMAN_OBSERVATION,TRUE,TRUE,TRUE,TRUE,TRUE,TRUE,TRUE
lapageria-rosea,-72.068147,-39.076841,CL,2026,HUMAN_OBSERVATION,TRUE,TRUE,TRUE,TRUE,TRUE,TRUE,TRUE
lapageria-rosea,-73.260471,-39.804059,CL,2026,HUMAN_OBSERVATION,TRUE,TRUE,TRUE,TRUE,TRUE,TRUE,TRUE
lapageria-rosea,-72.590072,-38.721672,CL,2026,HUMAN_OBSERVATION,TRUE,TRUE,TRUE,TRUE,TRUE,TRUE,TRUE
lapageria-rosea,-71.630638,-33.729379,CL,2026,HUMAN_OBSERVATION,TRUE,TRUE,TRUE,TRUE,TRUE,TRUE,TRUE
lapageria-rosea,-72.15483,-38.864445,CL,2026,HUMAN_OBSERVATION,TRUE,TRUE,TRUE,TRUE,TRUE,TRUE,TRUE
lapageria-rosea,-72.746311,-36.090028,CL,2026,HUMAN_OBSERVATION,TRUE,TRUE,TRUE,TRUE,TRUE,TRUE,TRUE
lapageria-rosea,-73.027774,-36.8443,CL,2026,HUMAN_OBSERVATION,TRUE,TRUE,TRUE,TRUE,TRUE,TRUE,TRUE
lapageria-rosea,-72.956945,-36.576584,CL,2026,HUMAN_OBSERVATION,TRUE,TRUE,TRUE,TRUE,TRUE,TRUE,TRUE
lapageria-rosea,-73.148313,-36.941638,CL,2026,HUMAN_OBSERVATION,TRUE,TRUE,TRUE,TRUE,TRUE,TRUE,TRUE
lapageria-rosea,-71.908223,-39.273018,CL,2026,HUMAN_OBSERVATION,TRUE,TRUE,TRUE,TRUE,TRUE,TRUE,TRUE
lapageria-rosea,-73.743189,-40.484315,CL,2026,HUMAN_OBSERVATION,TRUE,TRUE,TRUE,TRUE,TRUE,TRUE,TRUE
lapageria-rosea,-71.971091,-39.259236,CL,2026,HUMAN_OBSERVATION,TRUE,TRUE,TRUE,TRUE,TRUE,TRUE,TRUE
lapageria-rosea,-73.250636,-39.804706,CL,2026,HUMAN_OBSERVATION,TRUE,TRUE,TRUE,TRUE,TRUE,TRUE,TRUE
lapageria-rosea,-73.146117,-36.941463,CL,2026,HUMAN_OBSERVATION,TRUE,TRUE,TRUE,TRUE,TRUE,TRUE,TRUE
lapageria-rosea,-71.455806,-36.542814,CL,2025,HUMAN_OBSERVATION,TRUE,TRUE,TRUE,TRUE,TRUE,TRUE,TRUE
lapageria-rosea,-71.223861,-36.632578,CL,2025,HUMAN_OBSERVATION,TRUE,TRUE,TRUE,TRUE,TRUE,TRUE,TRUE
lapageria-rosea,-71.44982,-36.57881,CL,2025,HUMAN_OBSERVATION,TRUE,TRUE,TRUE,TRUE,TRUE,TRUE,TRUE
lapageria-rosea,-71.559202,-36.93161,CL,2025,HUMAN_OBSERVATION,TRUE,TRUE,TRUE,TRUE,TRUE,TRUE,TRUE
lapageria-rosea,-73.479228,-37.826447,CL,2025,HUMAN_OBSERVATION,TRUE,TRUE,TRUE,TRUE,TRUE,TRUE,TRUE
lapageria-rosea,-73.479336,-37.8268,CL,2025,HUMAN_OBSERVATION,TRUE,TRUE,TRUE,TRUE,TRUE,TRUE,TRUE
lapageria-rosea,-72.511413,-35.832672,CL,2025,HUMAN_OBSERVATION,TRUE,TRUE,TRUE,TRUE,TRUE,TRUE,TRUE
lapageria-rosea,-72.504072,-35.834092,CL,2025,HUMAN_OBSERVATION,TRUE,TRUE,TRUE,TRUE,TRUE,TRUE,TRUE
lapageria-rosea,-72.936105,-37.940804,CL,2025,HUMAN_OBSERVATION,TRUE,TRUE,TRUE,TRUE,TRUE,TRUE,TRUE
lapageria-rosea,-71.576822,-36.597482,CL,2025,HUMAN_OBSERVATION,TRUE,TRUE,TRUE,TRUE,TRUE,TRUE,TRUE
lapageria-rosea,-71.557003,-36.401472,CL,2025,HUMAN_OBSERVATION,TRUE,TRUE,TRUE,TRUE,TRUE,TRUE,TRUE
lapageria-rosea,-71.436892,-36.43934,CL,2025,HUMAN_OBSERVATION,TRUE,TRUE,TRUE,TRUE,TRUE,TRUE,TRUE
lapageria-rosea,-73.235014,-39.81921,CL,2025,HUMAN_OBSERVATION,TRUE,TRUE,TRUE,TRUE,TRUE,TRUE,TRUE
lapageria-rosea,-73.234931,-39.81927,CL,2025,HUMAN_OBSERVATION,TRUE,TRUE,TRUE,TRUE,TRUE,TRUE,TRUE
lapageria-rosea,-71.579949,-36.909861,CL,2025,HUMAN_OBSERVATION,TRUE,TRUE,TRUE,TRUE,TRUE,TRUE,TRUE
lapageria-rosea,-73.479968,-37.82773,CL,2025,HUMAN_OBSERVATION,TRUE,TRUE,TRUE,TRUE,TRUE,TRUE,TRUE
lapageria-rosea,-73.113275,-39.830195,CL,2025,HUMAN_OBSERVATION,TRUE,TRUE,TRUE,TRUE,TRUE,TRUE,TRUE
lapageria-rosea,-73.234932,-39.819674,CL,2025,HUMAN_OBSERVATION,TRUE,TRUE,TRUE,TRUE,TRUE,TRUE,TRUE
lapageria-rosea,-73.234965,-39.820565,CL,2025,HUMAN_OBSERVATION,TRUE,TRUE,TRUE,TRUE,TRUE,TRUE,TRUE
lapageria-rosea,-73.234773,-39.820666,CL,2025,HUMAN_OBSERVATION,TRUE,TRUE,TRUE,TRUE,TRUE,TRUE,TRUE
lapageria-rosea,-71.954947,-39.85379,CL,2025,HUMAN_OBSERVATION,TRUE,TRUE,TRUE,TRUE,TRUE,TRUE,TRUE
lapageria-rosea,-73.532009,-39.958466,CL,2025,HUMAN_OBSERVATION,TRUE,TRUE,TRUE,TRUE,TRUE,TRUE,TRUE
lapageria-rosea,-73.65901,-39.965379,CL,2025,HUMAN_OBSERVATION,TRUE,TRUE,TRUE,TRUE,TRUE,TRUE,TRUE
lapageria-rosea,-72.027367,-38.479085,CL,2025,HUMAN_OBSERVATION,TRUE,TRUE,TRUE,TRUE,TRUE,TRUE,TRUE
lapageria-rosea,-72.384805,-40.131761,CL,2025,HUMAN_OBSERVATION,TRUE,TRUE,TRUE,TRUE,TRUE,TRUE,TRUE
lapageria-rosea,-73.24988,-39.804025,CL,2025,HUMAN_OBSERVATION,TRUE,TRUE,TRUE,TRUE,TRUE,TRUE,TRUE
lapageria-rosea,-72.523608,-36.718276,CL,2025,HUMAN_OBSERVATION,TRUE,TRUE,TRUE,TRUE,TRUE,TRUE,TRUE
lapageria-rosea,-72.765348,-36.111777,CL,2025,HUMAN_OBSERVATION,TRUE,TRUE,TRUE,TRUE,TRUE,TRUE,TRUE
lapageria-rosea,-72.760019,-36.120376,CL,2025,HUMAN_OBSERVATION,TRUE,TRUE,TRUE,TRUE,TRUE,TRUE,TRUE
lapageria-rosea,-72.711668,-36.153852,CL,2025,HUMAN_OBSERVATION,TRUE,TRUE,TRUE,TRUE,TRUE,TRUE,TRUE
lapageria-rosea,-72.760347,-36.120226,CL,2025,HUMAN_OBSERVATION,TRUE,TRUE,TRUE,TRUE,TRUE,TRUE,TRUE
lapageria-rosea,-72.991426,-36.878429,CL,2025,HUMAN_OBSERVATION,TRUE,TRUE,TRUE,TRUE,TRUE,TRUE,TRUE
lapageria-rosea,-72.745338,-36.024438,CL,2025,HUMAN_OBSERVATION,TRUE,TRUE,TRUE,TRUE,TRUE,TRUE,TRUE
lapageria-rosea,-71.833481,-39.239331,CL,2025,HUMAN_OBSERVATION,TRUE,TRUE,TRUE,TRUE,TRUE,TRUE,TRUE
lapageria-rosea,-71.991643,-39.570492,CL,2025,HUMAN_OBSERVATION,TRUE,TRUE,TRUE,TRUE,TRUE,TRUE,TRUE
lapageria-rosea,-71.83298,-39.240228,CL,2025,HUMAN_OBSERVATION,TRUE,TRUE,TRUE,TRUE,TRUE,TRUE,TRUE
lapageria-rosea,-71.870533,-39.323052,CL,2025,HUMAN_OBSERVATION,TRUE,TRUE,TRUE,TRUE,TRUE,TRUE,TRUE
lapageria-rosea,-71.415803,-36.271655,CL,2025,HUMAN_OBSERVATION,TRUE,TRUE,TRUE,TRUE,TRUE,TRUE,TRUE
lapageria-rosea,-71.389053,-36.661545,CL,2025,HUMAN_OBSERVATION,TRUE,TRUE,TRUE,TRUE,TRUE,TRUE,TRUE
lapageria-rosea,-72.589997,-38.725237,CL,2025,HUMAN_OBSERVATION,TRUE,TRUE,TRUE,TRUE,TRUE,TRUE,TRUE
lapageria-rosea,-72.755047,-37.786268,CL,2025,HUMAN_OBSERVATION,TRUE,TRUE,TRUE,TRUE,TRUE,TRUE,TRUE
lapageria-rosea,-71.675534,-36.838409,CL,2025,HUMAN_OBSERVATION,TRUE,TRUE,TRUE,TRUE,TRUE,TRUE,TRUE
lapageria-rosea,-72.846367,-36.683767,CL,2025,HUMAN_OBSERVATION,TRUE,TRUE,TRUE,TRUE,TRUE,TRUE,TRUE
lapageria-rosea,-71.978692,-39.313720000000004,CL,2025,HUMAN_OBSERVATION,TRUE,TRUE,TRUE,TRUE,TRUE,TRUE,TRUE
lapageria-rosea,-72.785558,-36.118581,CL,2025,HUMAN_OBSERVATION,TRUE,TRUE,TRUE,TRUE,TRUE,TRUE,TRUE
lapageria-rosea,-72.518372,-38.6291,CL,2025,HUMAN_OBSERVATION,TRUE,TRUE,TRUE,TRUE,TRUE,TRUE,TRUE
lapageria-rosea,-72.150472,-39.497618,CL,2025,HUMAN_OBSERVATION,TRUE,TRUE,TRUE,TRUE,TRUE,TRUE,TRUE
lapageria-rosea,-72.10621,-39.854128,CL,2025,HUMAN_OBSERVATION,TRUE,TRUE,TRUE,TRUE,TRUE,TRUE,TRUE
lapageria-rosea,-72.993297,-36.876396,CL,2025,HUMAN_OBSERVATION,TRUE,TRUE,TRUE,TRUE,TRUE,TRUE,TRUE
lapageria-rosea,-72.028729,-38.48387,CL,2025,HUMAN_OBSERVATION,TRUE,TRUE,TRUE,TRUE,TRUE,TRUE,TRUE
lapageria-rosea,-73.597902,-39.957663,CL,2025,HUMAN_OBSERVATION,TRUE,TRUE,TRUE,TRUE,TRUE,TRUE,TRUE
lapageria-rosea,-71.97908,-39.299553,CL,2025,HUMAN_OBSERVATION,TRUE,TRUE,TRUE,TRUE,TRUE,TRUE,TRUE
lapageria-rosea,-72.993298,-36.876396,CL,2025,HUMAN_OBSERVATION,TRUE,TRUE,TRUE,TRUE,TRUE,TRUE,TRUE
lapageria-rosea,-71.561622,-37.970905,CL,2025,HUMAN_OBSERVATION,TRUE,TRUE,TRUE,TRUE,TRUE,TRUE,TRUE
lapageria-rosea,-73.015014,-37.825036,CL,2025,HUMAN_OBSERVATION,TRUE,TRUE,TRUE,TRUE,TRUE,TRUE,TRUE
lapageria-rosea,-72.509952,-35.833893,CL,2025,HUMAN_OBSERVATION,TRUE,TRUE,TRUE,TRUE,TRUE,TRUE,TRUE
lapageria-rosea,-72.188505,-38.62703,CL,2025,HUMAN_OBSERVATION,TRUE,TRUE,TRUE,TRUE,TRUE,TRUE,TRUE
lapageria-rosea,-73.098942,-36.761746,CL,2025,HUMAN_OBSERVATION,TRUE,TRUE,TRUE,TRUE,TRUE,TRUE,TRUE
lapageria-rosea,-73.029519,-36.822703,CL,2025,HUMAN_OBSERVATION,TRUE,TRUE,TRUE,TRUE,TRUE,TRUE,TRUE
lapageria-rosea,-71.686203,-37.778412,CL,2025,HUMAN_OBSERVATION,TRUE,TRUE,TRUE,TRUE,TRUE,TRUE,TRUE
lapageria-rosea,-73.561411,-39.950478,CL,2025,HUMAN_OBSERVATION,TRUE,TRUE,TRUE,TRUE,TRUE,TRUE,TRUE
lapageria-rosea,-73.242783,-39.837572,CL,2025,HUMAN_OBSERVATION,TRUE,TRUE,TRUE,TRUE,TRUE,TRUE,TRUE
lapageria-rosea,-72.992714,-36.881197,CL,2025,HUMAN_OBSERVATION,TRUE,TRUE,TRUE,TRUE,TRUE,TRUE,TRUE
lapageria-rosea,-72.814066,-36.810415,CL,2025,HUMAN_OBSERVATION,TRUE,TRUE,TRUE,TRUE,TRUE,TRUE,TRUE
lapageria-rosea,-71.782495,-39.370708,CL,2025,HUMAN_OBSERVATION,TRUE,TRUE,TRUE,TRUE,TRUE,TRUE,TRUE
lapageria-rosea,-73.265277,-39.800505,CL,2025,HUMAN_OBSERVATION,TRUE,TRUE,TRUE,TRUE,TRUE,TRUE,TRUE
lapageria-rosea,-73.235185,-39.820117,CL,2025,HUMAN_OBSERVATION,TRUE,TRUE,TRUE,TRUE,TRUE,TRUE,TRUE
lapageria-rosea,-72.199585,-39.290967,CL,2025,HUMAN_OBSERVATION,TRUE,TRUE,TRUE,TRUE,TRUE,TRUE,TRUE
lapageria-rosea,-72.941734,-37.940993,CL,2025,HUMAN_OBSERVATION,TRUE,TRUE,TRUE,TRUE,TRUE,TRUE,TRUE
lapageria-rosea,-73.326633,-39.700074,CL,2025,HUMAN_OBSERVATION,TRUE,TRUE,TRUE,TRUE,TRUE,TRUE,TRUE
lapageria-rosea,-73.549023,-37.663495,CL,2025,HUMAN_OBSERVATION,TRUE,TRUE,TRUE,TRUE,TRUE,TRUE,TRUE
lapageria-rosea,-73.047836,-36.847462,CL,2025,HUMAN_OBSERVATION,TRUE,TRUE,TRUE,TRUE,TRUE,TRUE,TRUE
lapageria-rosea,-73.480606,-37.712868,CL,2025,HUMAN_OBSERVATION,TRUE,TRUE,TRUE,TRUE,TRUE,TRUE,TRUE
lapageria-rosea,-73.047592,-36.847283,CL,2025,HUMAN_OBSERVATION,TRUE,TRUE,TRUE,TRUE,TRUE,TRUE,TRUE
lapageria-rosea,-73.109389,-36.8461,CL,2025,HUMAN_OBSERVATION,TRUE,TRUE,TRUE,TRUE,TRUE,TRUE,TRUE
lapageria-rosea,-73.047583,-36.847245,CL,2025,HUMAN_OBSERVATION,TRUE,TRUE,TRUE,TRUE,TRUE,TRUE,TRUE
lapageria-rosea,-73.047805,-36.847442,CL,2025,HUMAN_OBSERVATION,TRUE,TRUE,TRUE,TRUE,TRUE,TRUE,TRUE
lapageria-rosea,-73.498722,-41.051389,CL,2025,HUMAN_OBSERVATION,TRUE,TRUE,TRUE,TRUE,TRUE,TRUE,TRUE
lapageria-rosea,-73.036256,-36.838928,CL,2025,HUMAN_OBSERVATION,TRUE,TRUE,TRUE,TRUE,TRUE,TRUE,TRUE
lapageria-rosea,-73.109603,-36.84582,CL,2025,HUMAN_OBSERVATION,TRUE,TRUE,TRUE,TRUE,TRUE,TRUE,TRUE
lapageria-rosea,-72.016931,-39.044614,CL,2025,HUMAN_OBSERVATION,TRUE,TRUE,TRUE,TRUE,TRUE,TRUE,TRUE
lapageria-rosea,-73.003429,-36.933635,CL,2025,HUMAN_OBSERVATION,TRUE,TRUE,TRUE,TRUE,TRUE,TRUE,TRUE
lapageria-rosea,-73.059509,-36.832111,CL,2025,HUMAN_OBSERVATION,TRUE,TRUE,TRUE,TRUE,TRUE,TRUE,TRUE
lapageria-rosea,-73.540458,-40.588958,CL,2025,HUMAN_OBSERVATION,TRUE,TRUE,TRUE,TRUE,TRUE,TRUE,TRUE
lapageria-rosea,-71.952783,-40.029953,CL,2025,HUMAN_OBSERVATION,TRUE,TRUE,TRUE,TRUE,TRUE,TRUE,TRUE
lapageria-rosea,-73.348138,-37.468024,CL,2025,HUMAN_OBSERVATION,TRUE,TRUE,TRUE,TRUE,TRUE,TRUE,TRUE
lapageria-rosea,-73.043036,-36.821742,CL,2025,HUMAN_OBSERVATION,TRUE,TRUE,TRUE,TRUE,TRUE,TRUE,TRUE
lapageria-rosea,-71.234169,-36.134236,CL,2025,HUMAN_OBSERVATION,TRUE,TRUE,TRUE,TRUE,TRUE,TRUE,TRUE
lapageria-rosea,-72.600525,-38.658703,CL,2025,HUMAN_OBSERVATION,TRUE,TRUE,TRUE,TRUE,TRUE,TRUE,TRUE
lapageria-rosea,-73.116713,-36.914515,CL,2025,HUMAN_OBSERVATION,TRUE,TRUE,TRUE,TRUE,TRUE,TRUE,TRUE
lapageria-rosea,-71.993098,-39.023204,CL,2025,HUMAN_OBSERVATION,TRUE,TRUE,TRUE,TRUE,TRUE,TRUE,TRUE
lapageria-rosea,-72.331846,-39.626848,CL,2025,HUMAN_OBSERVATION,TRUE,TRUE,TRUE,TRUE,TRUE,TRUE,TRUE
lapageria-rosea,-72.516478,-36.702191,CL,2025,HUMAN_OBSERVATION,TRUE,TRUE,TRUE,TRUE,TRUE,TRUE,TRUE
lapageria-rosea,-73.045276,-36.836051,CL,2025,HUMAN_OBSERVATION,TRUE,TRUE,TRUE,TRUE,TRUE,TRUE,TRUE
lapageria-rosea,-73.380937,-37.383319,CL,2025,HUMAN_OBSERVATION,TRUE,TRUE,TRUE,TRUE,TRUE,TRUE,TRUE
lapageria-rosea,-72.585873,-38.729179,CL,2025,HUMAN_OBSERVATION,TRUE,TRUE,TRUE,TRUE,TRUE,TRUE,TRUE
lapageria-rosea,-73.24479,-39.840888,CL,2025,HUMAN_OBSERVATION,TRUE,TRUE,TRUE,TRUE,TRUE,TRUE,TRUE
lapageria-rosea,-73.17382,-38.028572,CL,2025,HUMAN_OBSERVATION,TRUE,TRUE,TRUE,TRUE,TRUE,TRUE,TRUE
lapageria-rosea,-73.243165,-39.840641,CL,2025,HUMAN_OBSERVATION,TRUE,TRUE,TRUE,TRUE,TRUE,TRUE,TRUE
lapageria-rosea,-71.557604,-36.932352,CL,2025,HUMAN_OBSERVATION,TRUE,TRUE,TRUE,TRUE,TRUE,TRUE,TRUE
lapageria-rosea,-72.587585,-38.728325,CL,2025,HUMAN_OBSERVATION,TRUE,TRUE,TRUE,TRUE,TRUE,TRUE,TRUE
lapageria-rosea,-72.763605,-36.240247,CL,2025,HUMAN_OBSERVATION,TRUE,TRUE,TRUE,TRUE,TRUE,TRUE,TRUE
lapageria-rosea,-72.276679,-35.590608,CL,2025,HUMAN_OBSERVATION,TRUE,TRUE,TRUE,TRUE,TRUE,TRUE,TRUE
lapageria-rosea,-72.764233,-36.240207,CL,2025,HUMAN_OBSERVATION,TRUE,TRUE,TRUE,TRUE,TRUE,TRUE,TRUE
lapageria-rosea,-72.764287,-36.240405,CL,2025,HUMAN_OBSERVATION,TRUE,TRUE,TRUE,TRUE,TRUE,TRUE,TRUE
lapageria-rosea,-73.020369,-36.921362,CL,2025,HUMAN_OBSERVATION,TRUE,TRUE,TRUE,TRUE,TRUE,TRUE,TRUE
lapageria-rosea,-71.86943,-39.352262,CL,2025,HUMAN_OBSERVATION,TRUE,TRUE,TRUE,TRUE,TRUE,TRUE,TRUE
lapageria-rosea,-72.569588,-38.65098,CL,2025,HUMAN_OBSERVATION,TRUE,TRUE,TRUE,TRUE,TRUE,TRUE,TRUE
lapageria-rosea,-73.20398,-40.355762,CL,2025,HUMAN_OBSERVATION,TRUE,TRUE,TRUE,TRUE,TRUE,TRUE,TRUE
lapageria-rosea,-72.962503,-36.775303,CL,2025,HUMAN_OBSERVATION,TRUE,TRUE,TRUE,TRUE,TRUE,TRUE,TRUE
lapageria-rosea,-73.133205,-40.568548,CL,2025,HUMAN_OBSERVATION,TRUE,TRUE,TRUE,TRUE,TRUE,TRUE,TRUE
lapageria-rosea,-71.951976,-39.853682,CL,2025,HUMAN_OBSERVATION,TRUE,TRUE,TRUE,TRUE,TRUE,TRUE,TRUE
lapageria-rosea,-73.16433,-38.017375,CL,2025,HUMAN_OBSERVATION,TRUE,TRUE,TRUE,TRUE,TRUE,TRUE,TRUE
lapageria-rosea,-71.9577,-39.852073,CL,2025,HUMAN_OBSERVATION,TRUE,TRUE,TRUE,TRUE,TRUE,TRUE,TRUE
lapageria-rosea,-71.957942,-39.854144,CL,2025,HUMAN_OBSERVATION,TRUE,TRUE,TRUE,TRUE,TRUE,TRUE,TRUE
lapageria-rosea,-71.95745,-39.852086,CL,2025,HUMAN_OBSERVATION,TRUE,TRUE,TRUE,TRUE,TRUE,TRUE,TRUE
lapageria-rosea,-71.951976,-39.853682,CL,2025,HUMAN_OBSERVATION,TRUE,TRUE,TRUE,TRUE,TRUE,TRUE,TRUE
lapageria-rosea,-71.952674,-39.867133,CL,2025,HUMAN_OBSERVATION,TRUE,TRUE,TRUE,TRUE,TRUE,TRUE,TRUE
lapageria-rosea,-71.950723,-39.864604,CL,2025,HUMAN_OBSERVATION,TRUE,TRUE,TRUE,TRUE,TRUE,TRUE,TRUE
lapageria-rosea,-73.235093,-39.820063,CL,2025,HUMAN_OBSERVATION,TRUE,TRUE,TRUE,TRUE,TRUE,TRUE,TRUE
lapageria-rosea,-72.049199,-36.605622,CL,2025,HUMAN_OBSERVATION,TRUE,TRUE,TRUE,TRUE,TRUE,TRUE,TRUE
lapageria-rosea,-72.303488,-39.676332,CL,2025,HUMAN_OBSERVATION,TRUE,TRUE,TRUE,TRUE,TRUE,TRUE,TRUE
lapageria-rosea,-72.750636,-36.548033,CL,2025,HUMAN_OBSERVATION,TRUE,TRUE,TRUE,TRUE,TRUE,TRUE,TRUE
lapageria-rosea,-72.191697,-38.971927,CL,2025,HUMAN_OBSERVATION,TRUE,TRUE,TRUE,TRUE,TRUE,TRUE,TRUE
lapageria-rosea,-73.049203,-36.835253,CL,2025,HUMAN_OBSERVATION,TRUE,TRUE,TRUE,TRUE,TRUE,TRUE,TRUE
lapageria-rosea,-72.516478,-36.702191,CL,2025,HUMAN_OBSERVATION,TRUE,TRUE,TRUE,TRUE,TRUE,TRUE,TRUE
lapageria-rosea,-73.130014,-39.851622,CL,2025,HUMAN_OBSERVATION,TRUE,TRUE,TRUE,TRUE,TRUE,TRUE,TRUE
lapageria-rosea,-73.259946,-39.799205,CL,2025,HUMAN_OBSERVATION,TRUE,TRUE,TRUE,TRUE,TRUE,TRUE,TRUE
lapageria-rosea,-73.110175,-36.846083,CL,2025,HUMAN_OBSERVATION,TRUE,TRUE,TRUE,TRUE,TRUE,TRUE,TRUE
lapageria-rosea,-71.980195,-39.831587,CL,2025,HUMAN_OBSERVATION,TRUE,TRUE,TRUE,TRUE,TRUE,TRUE,TRUE
lapageria-rosea,-73.038033,-39.59228,CL,2025,HUMAN_OBSERVATION,TRUE,TRUE,TRUE,TRUE,TRUE,TRUE,TRUE
lapageria-rosea,-73.128768,-39.840227,CL,2025,HUMAN_OBSERVATION,TRUE,TRUE,TRUE,TRUE,TRUE,TRUE,TRUE
lapageria-rosea,-72.570205,-38.649813,CL,2025,HUMAN_OBSERVATION,TRUE,TRUE,TRUE,TRUE,TRUE,TRUE,TRUE
lapageria-rosea,-73.029792,-36.832183,CL,2025,HUMAN_OBSERVATION,TRUE,TRUE,TRUE,TRUE,TRUE,TRUE,TRUE
lapageria-rosea,-73.047582,-36.847409,CL,2025,HUMAN_OBSERVATION,TRUE,TRUE,TRUE,TRUE,TRUE,TRUE,TRUE
lapageria-rosea,-71.634859,-36.857701,CL,2025,HUMAN_OBSERVATION,TRUE,TRUE,TRUE,TRUE,TRUE,TRUE,TRUE
lapageria-rosea,-72.149344,-39.496475,CL,2025,HUMAN_OBSERVATION,TRUE,TRUE,TRUE,TRUE,TRUE,TRUE,TRUE
lapageria-rosea,-73.047583,-36.847355,CL,2025,HUMAN_OBSERVATION,TRUE,TRUE,TRUE,TRUE,TRUE,TRUE,TRUE
lapageria-rosea,-73.045519,-36.836013,CL,2025,HUMAN_OBSERVATION,TRUE,TRUE,TRUE,TRUE,TRUE,TRUE,TRUE
lapageria-rosea,-73.047828,-36.847458,CL,2025,HUMAN_OBSERVATION,TRUE,TRUE,TRUE,TRUE,TRUE,TRUE,TRUE
lapageria-rosea,-73.0477,-36.847387,CL,2025,HUMAN_OBSERVATION,TRUE,TRUE,TRUE,TRUE,TRUE,TRUE,TRUE
lapageria-rosea,-73.04773,-36.847492,CL,2025,HUMAN_OBSERVATION,TRUE,TRUE,TRUE,TRUE,TRUE,TRUE,TRUE
lapageria-rosea,-73.259912,-39.802975000000004,CL,2025,HUMAN_OBSERVATION,TRUE,TRUE,TRUE,TRUE,TRUE,TRUE,TRUE
lapageria-rosea,-72.943719,-37.210785,CL,2025,HUMAN_OBSERVATION,TRUE,TRUE,TRUE,TRUE,TRUE,TRUE,TRUE
lapageria-rosea,-72.996405,-36.881408,CL,2025,HUMAN_OBSERVATION,TRUE,TRUE,TRUE,TRUE,TRUE,TRUE,TRUE
lapageria-rosea,-73.126492,-36.906013,CL,2025,HUMAN_OBSERVATION,TRUE,TRUE,TRUE,TRUE,TRUE,TRUE,TRUE
lapageria-rosea,-73.439828,-39.863272,CL,2025,HUMAN_OBSERVATION,TRUE,TRUE,TRUE,TRUE,TRUE,TRUE,TRUE
lapageria-rosea,-71.779498,-39.190421,CL,2025,HUMAN_OBSERVATION,TRUE,TRUE,TRUE,TRUE,TRUE,TRUE,TRUE
lapageria-rosea,-73.297378,-37.24976,CL,2025,HUMAN_OBSERVATION,TRUE,TRUE,TRUE,TRUE,TRUE,TRUE,TRUE
lapageria-rosea,-72.5121,-38.653343,CL,2025,HUMAN_OBSERVATION,TRUE,TRUE,TRUE,TRUE,TRUE,TRUE,TRUE
lapageria-rosea,-72.624542,-38.294481,CL,2025,HUMAN_OBSERVATION,TRUE,TRUE,TRUE,TRUE,TRUE,TRUE,TRUE
lapageria-rosea,-73.043343,-36.79874,CL,2025,HUMAN_OBSERVATION,TRUE,TRUE,TRUE,TRUE,TRUE,TRUE,TRUE
lapageria-rosea,-72.625348,-38.294228,CL,2025,HUMAN_OBSERVATION,TRUE,TRUE,TRUE,TRUE,TRUE,TRUE,TRUE
lapageria-rosea,-72.619102,-38.988838,CL,2025,HUMAN_OBSERVATION,TRUE,TRUE,TRUE,TRUE,TRUE,TRUE,TRUE
lapageria-rosea,-73.172705,-37.71034,CL,2025,HUMAN_OBSERVATION,TRUE,TRUE,TRUE,TRUE,TRUE,TRUE,TRUE
lapageria-rosea,-72.963808,-40.001174,CL,2025,HUMAN_OBSERVATION,TRUE,TRUE,TRUE,TRUE,TRUE,TRUE,TRUE
lapageria-rosea,-73.401998,-38.796396,CL,2025,HUMAN_OBSERVATION,TRUE,TRUE,TRUE,TRUE,TRUE,TRUE,TRUE
lapageria-rosea,-72.225327,-37.715136,CL,2025,HUMAN_OBSERVATION,TRUE,TRUE,TRUE,TRUE,TRUE,TRUE,TRUE
lapageria-rosea,-72.302103,-35.457481,CL,2025,HUMAN_OBSERVATION,TRUE,TRUE,TRUE,TRUE,TRUE,TRUE,TRUE
lapageria-rosea,-71.988024,-40.31335,CL,2025,HUMAN_OBSERVATION,TRUE,TRUE,TRUE,TRUE,TRUE,TRUE,TRUE
lapageria-rosea,-73.166701,-38.017466,CL,2025,HUMAN_OBSERVATION,TRUE,TRUE,TRUE,TRUE,TRUE,TRUE,TRUE
lapageria-rosea,-71.918036,-39.850879,CL,2025,HUMAN_OBSERVATION,TRUE,TRUE,TRUE,TRUE,TRUE,TRUE,TRUE
lapageria-rosea,-71.918036,-39.850879,CL,2025,HUMAN_OBSERVATION,TRUE,TRUE,TRUE,TRUE,TRUE,TRUE,TRUE
lapageria-rosea,-72.506317,-36.73335,CL,2025,HUMAN_OBSERVATION,TRUE,TRUE,TRUE,TRUE,TRUE,TRUE,TRUE
lapageria-rosea,-72.995974,-36.854309,CL,2025,HUMAN_OBSERVATION,TRUE,TRUE,TRUE,TRUE,TRUE,TRUE,TRUE
lapageria-rosea,-73.05178,-36.832033,CL,2025,HUMAN_OBSERVATION,TRUE,TRUE,TRUE,TRUE,TRUE,TRUE,TRUE
lapageria-rosea,-72.717462,-36.554183,CL,2025,HUMAN_OBSERVATION,TRUE,TRUE,TRUE,TRUE,TRUE,TRUE,TRUE
lapageria-rosea,-72.505203,-35.832548,CL,2025,HUMAN_OBSERVATION,TRUE,TRUE,TRUE,TRUE,TRUE,TRUE,TRUE
lapageria-rosea,-72.986818,-36.880776,CL,2025,HUMAN_OBSERVATION,TRUE,TRUE,TRUE,TRUE,TRUE,TRUE,TRUE
lapageria-rosea,-72.286423,-35.906416,CL,2025,HUMAN_OBSERVATION,TRUE,TRUE,TRUE,TRUE,TRUE,TRUE,TRUE
lapageria-rosea,-73.047545,-36.847393,CL,2025,HUMAN_OBSERVATION,TRUE,TRUE,TRUE,TRUE,TRUE,TRUE,TRUE
lapageria-rosea,-73.287708,-37.467189,CL,2025,HUMAN_OBSERVATION,TRUE,TRUE,TRUE,TRUE,TRUE,TRUE,TRUE
lapageria-rosea,-71.628967,-36.871372,CL,2025,HUMAN_OBSERVATION,TRUE,TRUE,TRUE,TRUE,TRUE,TRUE,TRUE
lapageria-rosea,-72.507203,-36.733488,CL,2025,HUMAN_OBSERVATION,TRUE,TRUE,TRUE,TRUE,TRUE,TRUE,TRUE
lapageria-rosea,-72.50518,-35.832475,CL,2025,HUMAN_OBSERVATION,TRUE,TRUE,TRUE,TRUE,TRUE,TRUE,TRUE
lapageria-rosea,-72.591582,-38.727936,CL,2025,HUMAN_OBSERVATION,TRUE,TRUE,TRUE,TRUE,TRUE,TRUE,TRUE
lapageria-rosea,-73.025436,-36.838092,CL,2025,HUMAN_OBSERVATION,TRUE,TRUE,TRUE,TRUE,TRUE,TRUE,TRUE
lapageria-rosea,-72.607634,-38.990822,CL,2025,HUMAN_OBSERVATION,TRUE,TRUE,TRUE,TRUE,TRUE,TRUE,TRUE
lapageria-rosea,-72.987465,-36.748428,CL,2025,HUMAN_OBSERVATION,TRUE,TRUE,TRUE,TRUE,TRUE,TRUE,TRUE
lapageria-rosea,-73.035572,-36.838267,CL,2025,HUMAN_OBSERVATION,TRUE,TRUE,TRUE,TRUE,TRUE,TRUE,TRUE
lapageria-rosea,-71.208539,-35.597685,CL,2025,HUMAN_OBSERVATION,TRUE,TRUE,TRUE,TRUE,TRUE,TRUE,TRUE
lapageria-rosea,-72.098417,-35.26594,CL,2025,HUMAN_OBSERVATION,TRUE,TRUE,TRUE,TRUE,TRUE,TRUE,TRUE
lapageria-rosea,-73.035152,-36.840118,CL,2025,HUMAN_OBSERVATION,TRUE,TRUE,TRUE,TRUE,TRUE,TRUE,TRUE
lapageria-rosea,-72.988954,-36.836726,CL,2025,HUMAN_OBSERVATION,TRUE,TRUE,TRUE,TRUE,TRUE,TRUE,TRUE
lapageria-rosea,-73.026548,-36.836015,CL,2025,HUMAN_OBSERVATION,TRUE,TRUE,TRUE,TRUE,TRUE,TRUE,TRUE
lapageria-rosea,-72.938121,-37.083467,CL,2025,HUMAN_OBSERVATION,TRUE,TRUE,TRUE,TRUE,TRUE,TRUE,TRUE
lapageria-rosea,-72.999017,-36.871205,CL,2025,HUMAN_OBSERVATION,TRUE,TRUE,TRUE,TRUE,TRUE,TRUE,TRUE
lapageria-rosea,-73.035836,-36.827861,CL,2025,HUMAN_OBSERVATION,TRUE,TRUE,TRUE,TRUE,TRUE,TRUE,TRUE
lapageria-rosea,-73.047609,-36.847412,CL,2025,HUMAN_OBSERVATION,TRUE,TRUE,TRUE,TRUE,TRUE,TRUE,TRUE
lapageria-rosea,-72.99067,-36.878687,CL,2025,HUMAN_OBSERVATION,TRUE,TRUE,TRUE,TRUE,TRUE,TRUE,TRUE
lapageria-rosea,-73.036579,-36.841438,CL,2025,HUMAN_OBSERVATION,TRUE,TRUE,TRUE,TRUE,TRUE,TRUE,TRUE
lapageria-rosea,-71.879538,-39.3115,CL,2025,HUMAN_OBSERVATION,TRUE,TRUE,TRUE,TRUE,TRUE,TRUE,TRUE
lapageria-rosea,-72.756797,-36.830795,CL,2025,HUMAN_OBSERVATION,TRUE,TRUE,TRUE,TRUE,TRUE,TRUE,TRUE
lapageria-rosea,-73.00805,-36.858387,CL,2025,HUMAN_OBSERVATION,TRUE,TRUE,TRUE,TRUE,TRUE,TRUE,TRUE
lapageria-rosea,-72.102855,-39.211817,CL,2025,HUMAN_OBSERVATION,TRUE,TRUE,TRUE,TRUE,TRUE,TRUE,TRUE
lapageria-rosea,-73.008278,-36.8583,CL,2025,HUMAN_OBSERVATION,TRUE,TRUE,TRUE,TRUE,TRUE,TRUE,TRUE
lapageria-rosea,-73.007312,-36.858414,CL,2025,HUMAN_OBSERVATION,TRUE,TRUE,TRUE,TRUE,TRUE,TRUE,TRUE
lapageria-rosea,-73.007753,-36.858192,CL,2025,HUMAN_OBSERVATION,TRUE,TRUE,TRUE,TRUE,TRUE,TRUE,TRUE
lapageria-rosea,-73.093986,-36.897504,CL,2025,HUMAN_OBSERVATION,TRUE,TRUE,TRUE,TRUE,TRUE,TRUE,TRUE
lapageria-rosea,-71.413012,-36.28913,CL,2025,HUMAN_OBSERVATION,TRUE,TRUE,TRUE,TRUE,TRUE,TRUE,TRUE
lapageria-rosea,-73.249929,-39.80399,CL,2025,HUMAN_OBSERVATION,TRUE,TRUE,TRUE,TRUE,TRUE,TRUE,TRUE
lapageria-rosea,-71.978827,-39.832658,CL,2025,HUMAN_OBSERVATION,TRUE,TRUE,TRUE,TRUE,TRUE,TRUE,TRUE
lapageria-rosea,-73.051108,-36.855008,CL,2025,HUMAN_OBSERVATION,TRUE,TRUE,TRUE,TRUE,TRUE,TRUE,TRUE
lapageria-rosea,-73.038314,-36.843075,CL,2025,HUMAN_OBSERVATION,TRUE,TRUE,TRUE,TRUE,TRUE,TRUE,TRUE
lapageria-rosea,-73.042336,-36.844545,CL,2025,HUMAN_OBSERVATION,TRUE,TRUE,TRUE,TRUE,TRUE,TRUE,TRUE
lapageria-rosea,-72.290313,-35.446015,CL,2025,HUMAN_OBSERVATION,TRUE,TRUE,TRUE,TRUE,TRUE,TRUE,TRUE
lapageria-rosea,-72.952667,-37.124222,CL,2025,HUMAN_OBSERVATION,TRUE,TRUE,TRUE,TRUE,TRUE,TRUE,TRUE
lapageria-rosea,-72.290313,-35.446015,CL,2025,HUMAN_OBSERVATION,TRUE,TRUE,TRUE,TRUE,TRUE,TRUE,TRUE
lapageria-rosea,-72.504045,-35.833275,CL,2025,HUMAN_OBSERVATION,TRUE,TRUE,TRUE,TRUE,TRUE,TRUE,TRUE
lapageria-rosea,-72.02759,-38.47949,CL,2025,HUMAN_OBSERVATION,TRUE,TRUE,TRUE,TRUE,TRUE,TRUE,TRUE
lapageria-rosea,-73.197264,-39.823513,CL,2025,HUMAN_OBSERVATION,TRUE,TRUE,TRUE,TRUE,TRUE,TRUE,TRUE
lapageria-rosea,-72.188508,-38.626995,CL,2024,HUMAN_OBSERVATION,TRUE,TRUE,TRUE,TRUE,TRUE,TRUE,TRUE
lapageria-rosea,-71.998497,-39.792888,CL,2024,HUMAN_OBSERVATION,TRUE,TRUE,TRUE,TRUE,TRUE,TRUE,TRUE
lapageria-rosea,-73.047394,-36.847387,CL,2024,HUMAN_OBSERVATION,TRUE,TRUE,TRUE,TRUE,TRUE,TRUE,TRUE
lapageria-rosea,-71.698904,-36.854884,CL,2024,HUMAN_OBSERVATION,TRUE,TRUE,TRUE,TRUE,TRUE,TRUE,TRUE
lapageria-rosea,-72.296543,-35.446605,CL,2024,HUMAN_OBSERVATION,TRUE,TRUE,TRUE,TRUE,TRUE,TRUE,TRUE
lapageria-rosea,-72.692887,-40.195053,CL,2024,HUMAN_OBSERVATION,TRUE,TRUE,TRUE,TRUE,TRUE,TRUE,TRUE
lapageria-rosea,-72.297523,-35.447693,CL,2024,HUMAN_OBSERVATION,TRUE,TRUE,TRUE,TRUE,TRUE,TRUE,TRUE
lapageria-rosea,-71.699572,-36.8554,CL,2024,HUMAN_OBSERVATION,TRUE,TRUE,TRUE,TRUE,TRUE,TRUE,TRUE
lapageria-rosea,-71.699525,-36.853938,CL,2024,HUMAN_OBSERVATION,TRUE,TRUE,TRUE,TRUE,TRUE,TRUE,TRUE
lapageria-rosea,-71.699545,-36.853836,CL,2024,HUMAN_OBSERVATION,TRUE,TRUE,TRUE,TRUE,TRUE,TRUE,TRUE
lapageria-rosea,-72.703888,-40.190392,CL,2024,HUMAN_OBSERVATION,TRUE,TRUE,TRUE,TRUE,TRUE,TRUE,TRUE
lapageria-rosea,-72.70385,-40.190388,CL,2024,HUMAN_OBSERVATION,TRUE,TRUE,TRUE,TRUE,TRUE,TRUE,TRUE
lapageria-rosea,-72.705803,-40.189965,CL,2024,HUMAN_OBSERVATION,TRUE,TRUE,TRUE,TRUE,TRUE,TRUE,TRUE
lapageria-rosea,-71.699572,-36.8554,CL,2024,HUMAN_OBSERVATION,TRUE,TRUE,TRUE,TRUE,TRUE,TRUE,TRUE
lapageria-rosea,-72.295609,-35.446175,CL,2024,HUMAN_OBSERVATION,TRUE,TRUE,TRUE,TRUE,TRUE,TRUE,TRUE
lapageria-rosea,-72.509193,-35.833624,CL,2024,HUMAN_OBSERVATION,TRUE,TRUE,TRUE,TRUE,TRUE,TRUE,TRUE
lapageria-rosea,-71.699576,-36.853812,CL,2024,HUMAN_OBSERVATION,TRUE,TRUE,TRUE,TRUE,TRUE,TRUE,TRUE
lapageria-rosea,-72.692313,-40.195618,CL,2024,HUMAN_OBSERVATION,TRUE,TRUE,TRUE,TRUE,TRUE,TRUE,TRUE
lapageria-rosea,-73.655258,-39.962541,CL,2024,HUMAN_OBSERVATION,TRUE,TRUE,TRUE,TRUE,TRUE,TRUE,TRUE
lapageria-rosea,-73.579012,-41.201553,CL,2024,HUMAN_OBSERVATION,TRUE,TRUE,TRUE,TRUE,TRUE,TRUE,TRUE
lapageria-rosea,-73.172692,-38.017661,CL,2024,HUMAN_OBSERVATION,TRUE,TRUE,TRUE,TRUE,TRUE,TRUE,TRUE
lapageria-rosea,-73.550012,-41.194613,CL,2024,HUMAN_OBSERVATION,TRUE,TRUE,TRUE,TRUE,TRUE,TRUE,TRUE
lapageria-rosea,-71.688256,-37.641339,CL,2024,HUMAN_OBSERVATION,TRUE,TRUE,TRUE,TRUE,TRUE,TRUE,TRUE
lapageria-rosea,-72.149568,-39.495624,CL,2024,HUMAN_OBSERVATION,TRUE,TRUE,TRUE,TRUE,TRUE,TRUE,TRUE
lapageria-rosea,-73.047736,-36.8474,CL,2024,HUMAN_OBSERVATION,TRUE,TRUE,TRUE,TRUE,TRUE,TRUE,TRUE
lapageria-rosea,-72.700163,-36.948405,CL,2024,HUMAN_OBSERVATION,TRUE,TRUE,TRUE,TRUE,TRUE,TRUE,TRUE
lapageria-rosea,-72.993369,-36.879932,CL,2024,HUMAN_OBSERVATION,TRUE,TRUE,TRUE,TRUE,TRUE,TRUE,TRUE
lapageria-rosea,-72.991105,-36.89377,CL,2024,HUMAN_OBSERVATION,TRUE,TRUE,TRUE,TRUE,TRUE,TRUE,TRUE
lapageria-rosea,-72.151707,-39.497892,CL,2024,HUMAN_OBSERVATION,TRUE,TRUE,TRUE,TRUE,TRUE,TRUE,TRUE
lapageria-rosea,-73.025,-36.831687,CL,2024,HUMAN_OBSERVATION,TRUE,TRUE,TRUE,TRUE,TRUE,TRUE,TRUE
lapageria-rosea,-73.04751,-36.847259,CL,2024,HUMAN_OBSERVATION,TRUE,TRUE,TRUE,TRUE,TRUE,TRUE,TRUE
lapageria-rosea,-73.047844,-36.847488,CL,2024,HUMAN_OBSERVATION,TRUE,TRUE,TRUE,TRUE,TRUE,TRUE,TRUE
lapageria-rosea,-73.131185,-37.364982,CL,2024,HUMAN_OBSERVATION,TRUE,TRUE,TRUE,TRUE,TRUE,TRUE,TRUE
lapageria-rosea,-72.699037,-36.156059,CL,2024,HUMAN_OBSERVATION,TRUE,TRUE,TRUE,TRUE,TRUE,TRUE,TRUE
lapageria-rosea,-73.28632,-40.165315,CL,2024,HUMAN_OBSERVATION,TRUE,TRUE,TRUE,TRUE,TRUE,TRUE,TRUE
lapageria-rosea,-72.699583,-36.156269,CL,2024,HUMAN_OBSERVATION,TRUE,TRUE,TRUE,TRUE,TRUE,TRUE,TRUE
lapageria-rosea,-73.733559,-40.597477,CL,2024,HUMAN_OBSERVATION,TRUE,TRUE,TRUE,TRUE,TRUE,TRUE,TRUE
lapageria-rosea,-71.810437,-38.581181,CL,2024,HUMAN_OBSERVATION,TRUE,TRUE,TRUE,TRUE,TRUE,TRUE,TRUE
lapageria-rosea,-73.260285,-39.802291,CL,2024,HUMAN_OBSERVATION,TRUE,TRUE,TRUE,TRUE,TRUE,TRUE,TRUE
lapageria-rosea,-71.847069,-39.228083,CL,2024,HUMAN_OBSERVATION,TRUE,TRUE,TRUE,TRUE,TRUE,TRUE,TRUE
lapageria-rosea,-71.814509,-39.757227,CL,2024,HUMAN_OBSERVATION,TRUE,TRUE,TRUE,TRUE,TRUE,TRUE,TRUE
lapageria-rosea,-72.725647,-37.4946,CL,2024,HUMAN_OBSERVATION,TRUE,TRUE,TRUE,TRUE,TRUE,TRUE,TRUE
lapageria-rosea,-72.675056,-37.504076,CL,2024,HUMAN_OBSERVATION,TRUE,TRUE,TRUE,TRUE,TRUE,TRUE,TRUE
lapageria-rosea,-72.712461,-36.151732,CL,2024,HUMAN_OBSERVATION,TRUE,TRUE,TRUE,TRUE,TRUE,TRUE,TRUE
lapageria-rosea,-72.987568,-36.878216,CL,2024,HUMAN_OBSERVATION,TRUE,TRUE,TRUE,TRUE,TRUE,TRUE,TRUE
lapageria-rosea,-71.754905,-36.835738,CL,2024,HUMAN_OBSERVATION,TRUE,TRUE,TRUE,TRUE,TRUE,TRUE,TRUE
lapageria-rosea,-72.672006,-35.9467,CL,2024,HUMAN_OBSERVATION,TRUE,TRUE,TRUE,TRUE,TRUE,TRUE,TRUE
lapageria-rosea,-73.262623,-39.801898,CL,2024,HUMAN_OBSERVATION,TRUE,TRUE,TRUE,TRUE,TRUE,TRUE,TRUE
lapageria-rosea,-73.26188,-39.802782,CL,2024,HUMAN_OBSERVATION,TRUE,TRUE,TRUE,TRUE,TRUE,TRUE,TRUE
lapageria-rosea,-72.308175,-38.66304,CL,2024,HUMAN_OBSERVATION,TRUE,TRUE,TRUE,TRUE,TRUE,TRUE,TRUE
lapageria-rosea,-73.261181,-39.80115,CL,2024,HUMAN_OBSERVATION,TRUE,TRUE,TRUE,TRUE,TRUE,TRUE,TRUE
lapageria-rosea,-73.245232,-39.840008,CL,2024,HUMAN_OBSERVATION,TRUE,TRUE,TRUE,TRUE,TRUE,TRUE,TRUE
lapageria-rosea,-73.03695,-36.827962,CL,2024,HUMAN_OBSERVATION,TRUE,TRUE,TRUE,TRUE,TRUE,TRUE,TRUE
lapageria-rosea,-72.982124,-36.747183,CL,2024,HUMAN_OBSERVATION,TRUE,TRUE,TRUE,TRUE,TRUE,TRUE,TRUE
lapageria-rosea,-73.234449,-39.857017,CL,2024,HUMAN_OBSERVATION,TRUE,TRUE,TRUE,TRUE,TRUE,TRUE,TRUE
lapageria-rosea,-73.134483,-39.806858,CL,2024,HUMAN_OBSERVATION,TRUE,TRUE,TRUE,TRUE,TRUE,TRUE,TRUE
lapageria-rosea,-72.585241,-38.723184,CL,2024,HUMAN_OBSERVATION,TRUE,TRUE,TRUE,TRUE,TRUE,TRUE,TRUE
lapageria-rosea,-71.771438,-38.838272,CL,2024,HUMAN_OBSERVATION,TRUE,TRUE,TRUE,TRUE,TRUE,TRUE,TRUE
lapageria-rosea,-71.782408,-39.19137,CL,2024,HUMAN_OBSERVATION,TRUE,TRUE,TRUE,TRUE,TRUE,TRUE,TRUE
lapageria-rosea,-73.036842,-36.827953,CL,2024,HUMAN_OBSERVATION,TRUE,TRUE,TRUE,TRUE,TRUE,TRUE,TRUE
lapageria-rosea,-71.775196,-38.832167,CL,2024,HUMAN_OBSERVATION,TRUE,TRUE,TRUE,TRUE,TRUE,TRUE,TRUE
lapageria-rosea,-73.032313,-36.828326,CL,2024,HUMAN_OBSERVATION,TRUE,TRUE,TRUE,TRUE,TRUE,TRUE,TRUE
lapageria-rosea,-71.67143,-36.830868,CL,2024,HUMAN_OBSERVATION,TRUE,TRUE,TRUE,TRUE,TRUE,TRUE,TRUE
lapageria-rosea,-71.760091,-38.832157,CL,2024,HUMAN_OBSERVATION,TRUE,TRUE,TRUE,TRUE,TRUE,TRUE,TRUE
lapageria-rosea,-72.711432,-36.148968000000004,CL,2024,HUMAN_OBSERVATION,TRUE,TRUE,TRUE,TRUE,TRUE,TRUE,TRUE
lapageria-rosea,-71.775196,-38.832167,CL,2024,HUMAN_OBSERVATION,TRUE,TRUE,TRUE,TRUE,TRUE,TRUE,TRUE
lapageria-rosea,-72.54654,-38.799335,CL,2024,HUMAN_OBSERVATION,TRUE,TRUE,TRUE,TRUE,TRUE,TRUE,TRUE
lapageria-rosea,-71.596883,-37.897174,CL,2024,HUMAN_OBSERVATION,TRUE,TRUE,TRUE,TRUE,TRUE,TRUE,TRUE
lapageria-rosea,-73.337061,-40.076508,CL,2024,HUMAN_OBSERVATION,TRUE,TRUE,TRUE,TRUE,TRUE,TRUE,TRUE
lapageria-rosea,-72.509952,-35.833893,CL,2024,HUMAN_OBSERVATION,TRUE,TRUE,TRUE,TRUE,TRUE,TRUE,TRUE
lapageria-rosea,-72.84497,-37.781658,CL,2024,HUMAN_OBSERVATION,TRUE,TRUE,TRUE,TRUE,TRUE,TRUE,TRUE
lapageria-rosea,-72.522083,-36.706104,CL,2024,HUMAN_OBSERVATION,TRUE,TRUE,TRUE,TRUE,TRUE,TRUE,TRUE
lapageria-rosea,-73.470639,-38.237587,CL,2024,HUMAN_OBSERVATION,TRUE,TRUE,TRUE,TRUE,TRUE,TRUE,TRUE
lapageria-rosea,-72.7117,-36.149682,CL,2024,HUMAN_OBSERVATION,TRUE,TRUE,TRUE,TRUE,TRUE,TRUE,TRUE
lapageria-rosea,-72.528183,-36.707662,CL,2024,HUMAN_OBSERVATION,TRUE,TRUE,TRUE,TRUE,TRUE,TRUE,TRUE
lapageria-rosea,-71.860137,-39.279856,CL,2024,HUMAN_OBSERVATION,TRUE,TRUE,TRUE,TRUE,TRUE,TRUE,TRUE
lapageria-rosea,-73.128281,-36.909501,CL,2024,HUMAN_OBSERVATION,TRUE,TRUE,TRUE,TRUE,TRUE,TRUE,TRUE
lapageria-rosea,-72.211412,-40.210717,CL,2024,HUMAN_OBSERVATION,TRUE,TRUE,TRUE,TRUE,TRUE,TRUE,TRUE
lapageria-rosea,-73.047333,-36.847447,CL,2024,HUMAN_OBSERVATION,TRUE,TRUE,TRUE,TRUE,TRUE,TRUE,TRUE
lapageria-rosea,-73.047561,-36.847333,CL,2024,HUMAN_OBSERVATION,TRUE,TRUE,TRUE,TRUE,TRUE,TRUE,TRUE
lapageria-rosea,-73.047928,-36.848003,CL,2024,HUMAN_OBSERVATION,TRUE,TRUE,TRUE,TRUE,TRUE,TRUE,TRUE
lapageria-rosea,-73.047875,-36.847533,CL,2024,HUMAN_OBSERVATION,TRUE,TRUE,TRUE,TRUE,TRUE,TRUE,TRUE
lapageria-rosea,-72.960272,-36.759022,CL,2024,HUMAN_OBSERVATION,TRUE,TRUE,TRUE,TRUE,TRUE,TRUE,TRUE
lapageria-rosea,-73.047608,-36.847308,CL,2024,HUMAN_OBSERVATION,TRUE,TRUE,TRUE,TRUE,TRUE,TRUE,TRUE
lapageria-rosea,-72.218283,-38.619287,CL,2024,HUMAN_OBSERVATION,TRUE,TRUE,TRUE,TRUE,TRUE,TRUE,TRUE
lapageria-rosea,-72.766264,-36.815684,CL,2024,HUMAN_OBSERVATION,TRUE,TRUE,TRUE,TRUE,TRUE,TRUE,TRUE
lapageria-rosea,-72.006025,-37.129684,CL,2024,HUMAN_OBSERVATION,TRUE,TRUE,TRUE,TRUE,TRUE,TRUE,TRUE
lapageria-rosea,-73.039283,-36.840247,CL,2024,HUMAN_OBSERVATION,TRUE,TRUE,TRUE,TRUE,TRUE,TRUE,TRUE
lapageria-rosea,-73.146667,-39.850617,CL,2024,HUMAN_OBSERVATION,TRUE,TRUE,TRUE,TRUE,TRUE,TRUE,TRUE
lapageria-rosea,-72.370192,-39.386198,CL,2024,HUMAN_OBSERVATION,TRUE,TRUE,TRUE,TRUE,TRUE,TRUE,TRUE
lapageria-rosea,-73.018355,-36.919413,CL,2024,HUMAN_OBSERVATION,TRUE,TRUE,TRUE,TRUE,TRUE,TRUE,TRUE
lapageria-rosea,-73.2349,-40.199819,CL,2024,HUMAN_OBSERVATION,TRUE,TRUE,TRUE,TRUE,TRUE,TRUE,TRUE
lapageria-rosea,-73.74333,-40.610267,CL,2024,HUMAN_OBSERVATION,TRUE,TRUE,TRUE,TRUE,TRUE,TRUE,TRUE
lapageria-rosea,-72.508692,-35.831773,CL,2024,HUMAN_OBSERVATION,TRUE,TRUE,TRUE,TRUE,TRUE,TRUE,TRUE
lapageria-rosea,-71.676406,-36.837524,CL,2024,HUMAN_OBSERVATION,TRUE,TRUE,TRUE,TRUE,TRUE,TRUE,TRUE
lapageria-rosea,-73.037944,-36.840183,CL,2024,HUMAN_OBSERVATION,TRUE,TRUE,TRUE,TRUE,TRUE,TRUE,TRUE
lapageria-rosea,-72.364624,-40.315532,CL,2024,HUMAN_OBSERVATION,TRUE,TRUE,TRUE,TRUE,TRUE,TRUE,TRUE
lapageria-rosea,-73.085555,-39.013406,CL,2024,HUMAN_OBSERVATION,TRUE,TRUE,TRUE,TRUE,TRUE,TRUE,TRUE
lapageria-rosea,-73.083747,-39.012639,CL,2024,HUMAN_OBSERVATION,TRUE,TRUE,TRUE,TRUE,TRUE,TRUE,TRUE
lapageria-rosea,-73.041813,-36.840015,CL,2024,HUMAN_OBSERVATION,TRUE,TRUE,TRUE,TRUE,TRUE,TRUE,TRUE
lapageria-rosea,-71.780495,-39.36898,CL,2024,HUMAN_OBSERVATION,TRUE,TRUE,TRUE,TRUE,TRUE,TRUE,TRUE
lapageria-rosea,-72.62852,-38.673658,CL,2024,HUMAN_OBSERVATION,TRUE,TRUE,TRUE,TRUE,TRUE,TRUE,TRUE
lapageria-rosea,-72.666028,-38.240525,CL,2024,HUMAN_OBSERVATION,TRUE,TRUE,TRUE,TRUE,TRUE,TRUE,TRUE
lapageria-rosea,-72.711189,-36.14888,CL,2024,HUMAN_OBSERVATION,TRUE,TRUE,TRUE,TRUE,TRUE,TRUE,TRUE
lapageria-rosea,-73.264643,-39.802362,CL,2024,HUMAN_OBSERVATION,TRUE,TRUE,TRUE,TRUE,TRUE,TRUE,TRUE
lapageria-rosea,-73.047364,-36.847453,CL,2024,HUMAN_OBSERVATION,TRUE,TRUE,TRUE,TRUE,TRUE,TRUE,TRUE
lapageria-rosea,-72.62621,-36.221996,CL,2024,HUMAN_OBSERVATION,TRUE,TRUE,TRUE,TRUE,TRUE,TRUE,TRUE
lapageria-rosea,-73.047614,-36.84735,CL,2024,HUMAN_OBSERVATION,TRUE,TRUE,TRUE,TRUE,TRUE,TRUE,TRUE
lapageria-rosea,-73.234313,-39.85651,CL,2024,HUMAN_OBSERVATION,TRUE,TRUE,TRUE,TRUE,TRUE,TRUE,TRUE
lapageria-rosea,-72.623935,-36.222146,CL,2024,HUMAN_OBSERVATION,TRUE,TRUE,TRUE,TRUE,TRUE,TRUE,TRUE
lapageria-rosea,-73.128879,-39.841512,CL,2024,HUMAN_OBSERVATION,TRUE,TRUE,TRUE,TRUE,TRUE,TRUE,TRUE
lapageria-rosea,-72.215095,-38.622545,CL,2024,HUMAN_OBSERVATION,TRUE,TRUE,TRUE,TRUE,TRUE,TRUE,TRUE
lapageria-rosea,-72.683481,-35.961102,CL,2024,HUMAN_OBSERVATION,TRUE,TRUE,TRUE,TRUE,TRUE,TRUE,TRUE
lapageria-rosea,-72.214767,-38.622567,CL,2024,HUMAN_OBSERVATION,TRUE,TRUE,TRUE,TRUE,TRUE,TRUE,TRUE
lapageria-rosea,-72.672468,-35.947494,CL,2024,HUMAN_OBSERVATION,TRUE,TRUE,TRUE,TRUE,TRUE,TRUE,TRUE
lapageria-rosea,-72.67343,-35.947626,CL,2024,HUMAN_OBSERVATION,TRUE,TRUE,TRUE,TRUE,TRUE,TRUE,TRUE
lapageria-rosea,-73.047617,-36.847239,CL,2024,HUMAN_OBSERVATION,TRUE,TRUE,TRUE,TRUE,TRUE,TRUE,TRUE
lapageria-rosea,-72.560813,-38.651122,CL,2024,HUMAN_OBSERVATION,TRUE,TRUE,TRUE,TRUE,TRUE,TRUE,TRUE
lapageria-rosea,-73.554245,-39.951308,CL,2024,HUMAN_OBSERVATION,TRUE,TRUE,TRUE,TRUE,TRUE,TRUE,TRUE
lapageria-rosea,-72.557363,-38.647167,CL,2024,HUMAN_OBSERVATION,TRUE,TRUE,TRUE,TRUE,TRUE,TRUE,TRUE
lapageria-rosea,-72.57038,-38.650028,CL,2024,HUMAN_OBSERVATION,TRUE,TRUE,TRUE,TRUE,TRUE,TRUE,TRUE
lapageria-rosea,-72.342944,-39.63892,CL,2024,HUMAN_OBSERVATION,TRUE,TRUE,TRUE,TRUE,TRUE,TRUE,TRUE
lapageria-rosea,-72.61622,-38.747497,CL,2024,HUMAN_OBSERVATION,TRUE,TRUE,TRUE,TRUE,TRUE,TRUE,TRUE
lapageria-rosea,-73.21479,-40.763833,CL,2024,HUMAN_OBSERVATION,TRUE,TRUE,TRUE,TRUE,TRUE,TRUE,TRUE
lapageria-rosea,-71.586086,-36.519302,CL,2024,HUMAN_OBSERVATION,TRUE,TRUE,TRUE,TRUE,TRUE,TRUE,TRUE
lapageria-rosea,-72.649701,-40.638376,CL,2024,HUMAN_OBSERVATION,TRUE,TRUE,TRUE,TRUE,TRUE,TRUE,TRUE
lapageria-rosea,-73.258199,-39.799888,CL,2024,HUMAN_OBSERVATION,TRUE,TRUE,TRUE,TRUE,TRUE,TRUE,TRUE
lapageria-rosea,-73.431162,-40.784405,CL,2024,HUMAN_OBSERVATION,TRUE,TRUE,TRUE,TRUE,TRUE,TRUE,TRUE
lapageria-rosea,-71.377075,-35.843567,CL,2024,HUMAN_OBSERVATION,TRUE,TRUE,TRUE,TRUE,TRUE,TRUE,TRUE
lapageria-rosea,-72.362463,-35.791532,CL,2024,HUMAN_OBSERVATION,TRUE,TRUE,TRUE,TRUE,TRUE,TRUE,TRUE
lapageria-rosea,-72.58577,-38.726505,CL,2024,HUMAN_OBSERVATION,TRUE,TRUE,TRUE,TRUE,TRUE,TRUE,TRUE
lapageria-rosea,-72.990668,-40.386109,CL,2024,HUMAN_OBSERVATION,TRUE,TRUE,TRUE,TRUE,TRUE,TRUE,TRUE
lapageria-rosea,-72.58548,-38.727233,CL,2024,HUMAN_OBSERVATION,TRUE,TRUE,TRUE,TRUE,TRUE,TRUE,TRUE
lapageria-rosea,-72.606041,-38.659782,CL,2024,HUMAN_OBSERVATION,TRUE,TRUE,TRUE,TRUE,TRUE,TRUE,TRUE
lapageria-rosea,-72.588426,-38.724188,CL,2024,HUMAN_OBSERVATION,TRUE,TRUE,TRUE,TRUE,TRUE,TRUE,TRUE
lapageria-rosea,-73.266167,-39.756235,CL,2024,HUMAN_OBSERVATION,TRUE,TRUE,TRUE,TRUE,TRUE,TRUE,TRUE
lapageria-rosea,-72.988838,-36.878197,CL,2024,HUMAN_OBSERVATION,TRUE,TRUE,TRUE,TRUE,TRUE,TRUE,TRUE
lapageria-rosea,-71.641658,-37.346198,CL,2024,HUMAN_OBSERVATION,TRUE,TRUE,TRUE,TRUE,TRUE,TRUE,TRUE
lapageria-rosea,-71.639256,-37.345375,CL,2024,HUMAN_OBSERVATION,TRUE,TRUE,TRUE,TRUE,TRUE,TRUE,TRUE
lapageria-rosea,-72.698953,-36.155901,CL,2024,HUMAN_OBSERVATION,TRUE,TRUE,TRUE,TRUE,TRUE,TRUE,TRUE
lapageria-rosea,-71.586086,-36.519302,CL,2024,HUMAN_OBSERVATION,TRUE,TRUE,TRUE,TRUE,TRUE,TRUE,TRUE
lapageria-rosea,-72.250197,-38.652738,CL,2024,HUMAN_OBSERVATION,TRUE,TRUE,TRUE,TRUE,TRUE,TRUE,TRUE
lapageria-rosea,-73.047581,-36.847202,CL,2024,HUMAN_OBSERVATION,TRUE,TRUE,TRUE,TRUE,TRUE,TRUE,TRUE
lapageria-rosea,-71.875367,-39.323263,CL,2024,HUMAN_OBSERVATION,TRUE,TRUE,TRUE,TRUE,TRUE,TRUE,TRUE
lapageria-rosea,-71.874838,-39.32218,CL,2024,HUMAN_OBSERVATION,TRUE,TRUE,TRUE,TRUE,TRUE,TRUE,TRUE
lapageria-rosea,-71.676564,-36.83706,CL,2024,HUMAN_OBSERVATION,TRUE,TRUE,TRUE,TRUE,TRUE,TRUE,TRUE
lapageria-rosea,-72.700103,-36.948457,CL,2024,HUMAN_OBSERVATION,TRUE,TRUE,TRUE,TRUE,TRUE,TRUE,TRUE
lapageria-rosea,-73.047805,-36.847462,CL,2024,HUMAN_OBSERVATION,TRUE,TRUE,TRUE,TRUE,TRUE,TRUE,TRUE
lapageria-rosea,-73.112549,-36.847641,CL,2024,HUMAN_OBSERVATION,TRUE,TRUE,TRUE,TRUE,TRUE,TRUE,TRUE
lapageria-rosea,-72.75997,-36.120409,CL,2024,HUMAN_OBSERVATION,TRUE,TRUE,TRUE,TRUE,TRUE,TRUE,TRUE
lapageria-rosea,-73.025452,-36.837466,CL,2024,HUMAN_OBSERVATION,TRUE,TRUE,TRUE,TRUE,TRUE,TRUE,TRUE
lapageria-rosea,-72.711739,-36.153513,CL,2024,HUMAN_OBSERVATION,TRUE,TRUE,TRUE,TRUE,TRUE,TRUE,TRUE
lapageria-rosea,-72.149665,-39.495489,CL,2024,HUMAN_OBSERVATION,TRUE,TRUE,TRUE,TRUE,TRUE,TRUE,TRUE
lapageria-rosea,-71.966201,-39.79876,CL,2024,HUMAN_OBSERVATION,TRUE,TRUE,TRUE,TRUE,TRUE,TRUE,TRUE
lapageria-rosea,-72.149322,-39.49596,CL,2024,HUMAN_OBSERVATION,TRUE,TRUE,TRUE,TRUE,TRUE,TRUE,TRUE
lapageria-rosea,-73.047067,-36.835442,CL,2024,HUMAN_OBSERVATION,TRUE,TRUE,TRUE,TRUE,TRUE,TRUE,TRUE
lapageria-rosea,-72.507806,-35.830794,CL,2024,HUMAN_OBSERVATION,TRUE,TRUE,TRUE,TRUE,TRUE,TRUE,TRUE
lapageria-rosea,-73.024947,-36.837945,CL,2024,HUMAN_OBSERVATION,TRUE,TRUE,TRUE,TRUE,TRUE,TRUE,TRUE
lapageria-rosea,-71.953292,-39.854153,CL,2024,HUMAN_OBSERVATION,TRUE,TRUE,TRUE,TRUE,TRUE,TRUE,TRUE
lapageria-rosea,-73.743815,-40.488533,CL,2024,HUMAN_OBSERVATION,TRUE,TRUE,TRUE,TRUE,TRUE,TRUE,TRUE
lapageria-rosea,-73.310629,-37.409588,CL,2024,HUMAN_OBSERVATION,TRUE,TRUE,TRUE,TRUE,TRUE,TRUE,TRUE
lapageria-rosea,-73.002228,-36.882962,CL,2024,HUMAN_OBSERVATION,TRUE,TRUE,TRUE,TRUE,TRUE,TRUE,TRUE
lapageria-rosea,-73.322974,-37.397106,CL,2024,HUMAN_OBSERVATION,TRUE,TRUE,TRUE,TRUE,TRUE,TRUE,TRUE
lapageria-rosea,-72.998087,-36.879587,CL,2024,HUMAN_OBSERVATION,TRUE,TRUE,TRUE,TRUE,TRUE,TRUE,TRUE
lapageria-rosea,-72.999978,-36.879855,CL,2024,HUMAN_OBSERVATION,TRUE,TRUE,TRUE,TRUE,TRUE,TRUE,TRUE
lapageria-rosea,-73.316823,-37.410067,CL,2024,HUMAN_OBSERVATION,TRUE,TRUE,TRUE,TRUE,TRUE,TRUE,TRUE
lapageria-rosea,-72.736682,-36.113389,CL,2024,HUMAN_OBSERVATION,TRUE,TRUE,TRUE,TRUE,TRUE,TRUE,TRUE
lapageria-rosea,-72.320568,-35.441363,CL,2024,HUMAN_OBSERVATION,TRUE,TRUE,TRUE,TRUE,TRUE,TRUE,TRUE
lapageria-rosea,-72.702881,-36.154019,CL,2024,HUMAN_OBSERVATION,TRUE,TRUE,TRUE,TRUE,TRUE,TRUE,TRUE
lapageria-rosea,-72.759964,-36.115005,CL,2024,HUMAN_OBSERVATION,TRUE,TRUE,TRUE,TRUE,TRUE,TRUE,TRUE
lapageria-rosea,-72.759645,-36.114979,CL,2024,HUMAN_OBSERVATION,TRUE,TRUE,TRUE,TRUE,TRUE,TRUE,TRUE
lapageria-rosea,-72.324668,-35.44421,CL,2024,HUMAN_OBSERVATION,TRUE,TRUE,TRUE,TRUE,TRUE,TRUE,TRUE
lapageria-rosea,-72.710241,-36.149191,CL,2024,HUMAN_OBSERVATION,TRUE,TRUE,TRUE,TRUE,TRUE,TRUE,TRUE
lapageria-rosea,-71.671545,-36.830708,CL,2024,HUMAN_OBSERVATION,TRUE,TRUE,TRUE,TRUE,TRUE,TRUE,TRUE
lapageria-rosea,-73.036903,-36.82795,CL,2024,HUMAN_OBSERVATION,TRUE,TRUE,TRUE,TRUE,TRUE,TRUE,TRUE
lapageria-rosea,-71.832672,-39.238983,CL,2024,HUMAN_OBSERVATION,TRUE,TRUE,TRUE,TRUE,TRUE,TRUE,TRUE
lapageria-rosea,-72.566708,-38.647954,CL,2024,HUMAN_OBSERVATION,TRUE,TRUE,TRUE,TRUE,TRUE,TRUE,TRUE
lapageria-rosea,-72.587884,-38.724405,CL,2024,HUMAN_OBSERVATION,TRUE,TRUE,TRUE,TRUE,TRUE,TRUE,TRUE
lapageria-rosea,-73.036705,-36.827972,CL,2024,HUMAN_OBSERVATION,TRUE,TRUE,TRUE,TRUE,TRUE,TRUE,TRUE
lapageria-rosea,-72.711982,-36.15088,CL,2024,HUMAN_OBSERVATION,TRUE,TRUE,TRUE,TRUE,TRUE,TRUE,TRUE
lapageria-rosea,-72.711989,-36.15086,CL,2024,HUMAN_OBSERVATION,TRUE,TRUE,TRUE,TRUE,TRUE,TRUE,TRUE
lapageria-rosea,-72.516478,-36.702191,CL,2024,HUMAN_OBSERVATION,TRUE,TRUE,TRUE,TRUE,TRUE,TRUE,TRUE
lapageria-rosea,-72.993297,-36.876396,CL,2024,HUMAN_OBSERVATION,TRUE,TRUE,TRUE,TRUE,TRUE,TRUE,TRUE
lapageria-rosea,-73.047719,-36.820653,CL,2024,HUMAN_OBSERVATION,TRUE,TRUE,TRUE,TRUE,TRUE,TRUE,TRUE
lapageria-rosea,-71.747688,-39.24943,CL,2024,HUMAN_OBSERVATION,TRUE,TRUE,TRUE,TRUE,TRUE,TRUE,TRUE
lapageria-rosea,-72.746317,-36.090107,CL,2024,HUMAN_OBSERVATION,TRUE,TRUE,TRUE,TRUE,TRUE,TRUE,TRUE
lapageria-rosea,-72.504519,-35.834223,CL,2024,HUMAN_OBSERVATION,TRUE,TRUE,TRUE,TRUE,TRUE,TRUE,TRUE
lapageria-rosea,-71.679812,-36.821138,CL,2024,HUMAN_OBSERVATION,TRUE,TRUE,TRUE,TRUE,TRUE,TRUE,TRUE
lapageria-rosea,-72.711635,-36.149084,CL,2024,HUMAN_OBSERVATION,TRUE,TRUE,TRUE,TRUE,TRUE,TRUE,TRUE
lapageria-rosea,-73.758436,-40.627826,CL,2024,HUMAN_OBSERVATION,TRUE,TRUE,TRUE,TRUE,TRUE,TRUE,TRUE
lapageria-rosea,-71.881155,-39.312062,CL,2024,HUMAN_OBSERVATION,TRUE,TRUE,TRUE,TRUE,TRUE,TRUE,TRUE
lapageria-rosea,-72.005839,-40.190472,CL,2024,HUMAN_OBSERVATION,TRUE,TRUE,TRUE,TRUE,TRUE,TRUE,TRUE
lapageria-rosea,-72.008522,-40.188613,CL,2024,HUMAN_OBSERVATION,TRUE,TRUE,TRUE,TRUE,TRUE,TRUE,TRUE
lapageria-rosea,-72.00887,-40.190426,CL,2024,HUMAN_OBSERVATION,TRUE,TRUE,TRUE,TRUE,TRUE,TRUE,TRUE
lapageria-rosea,-73.124088,-40.569787,CL,2024,HUMAN_OBSERVATION,TRUE,TRUE,TRUE,TRUE,TRUE,TRUE,TRUE
lapageria-rosea,-71.190883,-35.515887,CL,2024,HUMAN_OBSERVATION,TRUE,TRUE,TRUE,TRUE,TRUE,TRUE,TRUE
lapageria-rosea,-73.047822,-36.84747,CL,2024,HUMAN_OBSERVATION,TRUE,TRUE,TRUE,TRUE,TRUE,TRUE,TRUE
lapageria-rosea,-73.047775,-36.847408,CL,2024,HUMAN_OBSERVATION,TRUE,TRUE,TRUE,TRUE,TRUE,TRUE,TRUE
lapageria-rosea,-73.235839,-39.821731,CL,2024,HUMAN_OBSERVATION,TRUE,TRUE,TRUE,TRUE,TRUE,TRUE,TRUE
lapageria-rosea,-72.670792,-36.60948,CL,2024,HUMAN_OBSERVATION,TRUE,TRUE,TRUE,TRUE,TRUE,TRUE,TRUE
lapageria-rosea,-73.03695,-36.827933,CL,2024,HUMAN_OBSERVATION,TRUE,TRUE,TRUE,TRUE,TRUE,TRUE,TRUE
lapageria-rosea,-72.818305,-36.806717,CL,2024,HUMAN_OBSERVATION,TRUE,TRUE,TRUE,TRUE,TRUE,TRUE,TRUE
lapageria-rosea,-73.062426,-36.79516,CL,2024,HUMAN_OBSERVATION,TRUE,TRUE,TRUE,TRUE,TRUE,TRUE,TRUE
lapageria-rosea,-73.032478,-37.22478,CL,2024,HUMAN_OBSERVATION,TRUE,TRUE,TRUE,TRUE,TRUE,TRUE,TRUE
lapageria-rosea,-72.993788,-36.878313,CL,2024,HUMAN_OBSERVATION,TRUE,TRUE,TRUE,TRUE,TRUE,TRUE,TRUE
lapageria-rosea,-71.934319,-39.318294,CL,2024,HUMAN_OBSERVATION,TRUE,TRUE,TRUE,TRUE,TRUE,TRUE,TRUE
lapageria-rosea,-72.71238,-36.151761,CL,2024,HUMAN_OBSERVATION,TRUE,TRUE,TRUE,TRUE,TRUE,TRUE,TRUE
lapageria-rosea,-71.682931,-30.663581,CL,2024,HUMAN_OBSERVATION,TRUE,TRUE,TRUE,TRUE,TRUE,TRUE,TRUE
lapageria-rosea,-72.09477,-39.34638,CL,2023,HUMAN_OBSERVATION,TRUE,TRUE,TRUE,TRUE,TRUE,TRUE,TRUE
lapageria-rosea,-73.023487,-36.836323,CL,2023,HUMAN_OBSERVATION,TRUE,TRUE,TRUE,TRUE,TRUE,TRUE,TRUE
lapageria-rosea,-73.047775,-36.847478,CL,2023,HUMAN_OBSERVATION,TRUE,TRUE,TRUE,TRUE,TRUE,TRUE,TRUE
lapageria-rosea,-73.263938,-39.799212,CL,2023,HUMAN_OBSERVATION,TRUE,TRUE,TRUE,TRUE,TRUE,TRUE,TRUE
lapageria-rosea,-72.973661,-36.756462,CL,2023,HUMAN_OBSERVATION,TRUE,TRUE,TRUE,TRUE,TRUE,TRUE,TRUE
lapageria-rosea,-72.797683,-36.805675,CL,2023,HUMAN_OBSERVATION,TRUE,TRUE,TRUE,TRUE,TRUE,TRUE,TRUE
lapageria-rosea,-72.208126,-40.320531,CL,2023,HUMAN_OBSERVATION,TRUE,TRUE,TRUE,TRUE,TRUE,TRUE,TRUE
lapageria-rosea,-72.208862,-38.625847,CL,2023,HUMAN_OBSERVATION,TRUE,TRUE,TRUE,TRUE,TRUE,TRUE,TRUE
lapageria-rosea,-73.154192,-39.748502,CL,2023,HUMAN_OBSERVATION,TRUE,TRUE,TRUE,TRUE,TRUE,TRUE,TRUE
lapageria-rosea,-71.761933,-39.419829,CL,2023,HUMAN_OBSERVATION,TRUE,TRUE,TRUE,TRUE,TRUE,TRUE,TRUE
lapageria-rosea,-73.561622,-39.950808,CL,2023,HUMAN_OBSERVATION,TRUE,TRUE,TRUE,TRUE,TRUE,TRUE,TRUE
lapageria-rosea,-71.873895,-39.251172,CL,2023,HUMAN_OBSERVATION,TRUE,TRUE,TRUE,TRUE,TRUE,TRUE,TRUE
lapageria-rosea,-73.358485,-39.681599,CL,2023,HUMAN_OBSERVATION,TRUE,TRUE,TRUE,TRUE,TRUE,TRUE,TRUE
lapageria-rosea,-73.358356,-39.681442,CL,2023,HUMAN_OBSERVATION,TRUE,TRUE,TRUE,TRUE,TRUE,TRUE,TRUE
lapageria-rosea,-73.358431,-39.681681,CL,2023,HUMAN_OBSERVATION,TRUE,TRUE,TRUE,TRUE,TRUE,TRUE,TRUE
lapageria-rosea,-73.358442,-39.681517,CL,2023,HUMAN_OBSERVATION,TRUE,TRUE,TRUE,TRUE,TRUE,TRUE,TRUE
lapageria-rosea,-73.358539,-39.681657,CL,2023,HUMAN_OBSERVATION,TRUE,TRUE,TRUE,TRUE,TRUE,TRUE,TRUE
lapageria-rosea,-71.575493,-36.813307,CL,2023,HUMAN_OBSERVATION,TRUE,TRUE,TRUE,TRUE,TRUE,TRUE,TRUE
lapageria-rosea,-72.923199,-36.734343,CL,2023,HUMAN_OBSERVATION,TRUE,TRUE,TRUE,TRUE,TRUE,TRUE,TRUE
lapageria-rosea,-72.963523,-38.746178,CL,2023,HUMAN_OBSERVATION,TRUE,TRUE,TRUE,TRUE,TRUE,TRUE,TRUE
lapageria-rosea,-73.997515,-42.420025,CL,2023,HUMAN_OBSERVATION,TRUE,TRUE,TRUE,TRUE,TRUE,TRUE,TRUE
lapageria-rosea,-72.54716,-38.799039,CL,2023,HUMAN_OBSERVATION,TRUE,TRUE,TRUE,TRUE,TRUE,TRUE,TRUE
lapageria-rosea,-73.354132,-37.693299,CL,2023,HUMAN_OBSERVATION,TRUE,TRUE,TRUE,TRUE,TRUE,TRUE,TRUE
lapageria-rosea,-71.737112,-37.26813,CL,2023,HUMAN_OBSERVATION,TRUE,TRUE,TRUE,TRUE,TRUE,TRUE,TRUE
lapageria-rosea,-72.503892,-35.833458,CL,2023,HUMAN_OBSERVATION,TRUE,TRUE,TRUE,TRUE,TRUE,TRUE,TRUE
lapageria-rosea,-72.682958,-37.619494,CL,2023,HUMAN_OBSERVATION,TRUE,TRUE,TRUE,TRUE,TRUE,TRUE,TRUE
lapageria-rosea,-72.14929,-39.496157,CL,2023,HUMAN_OBSERVATION,TRUE,TRUE,TRUE,TRUE,TRUE,TRUE,TRUE
lapageria-rosea,-72.240905,-39.50252,CL,2023,HUMAN_OBSERVATION,TRUE,TRUE,TRUE,TRUE,TRUE,TRUE,TRUE
lapageria-rosea,-71.960288,-39.853812,CL,2023,HUMAN_OBSERVATION,TRUE,TRUE,TRUE,TRUE,TRUE,TRUE,TRUE
lapageria-rosea,-71.837203,-39.238922,CL,2023,HUMAN_OBSERVATION,TRUE,TRUE,TRUE,TRUE,TRUE,TRUE,TRUE
lapageria-rosea,-72.807931,-39.862498,CL,2023,HUMAN_OBSERVATION,TRUE,TRUE,TRUE,TRUE,TRUE,TRUE,TRUE
lapageria-rosea,-72.546547,-39.332226,CL,2023,HUMAN_OBSERVATION,TRUE,TRUE,TRUE,TRUE,TRUE,TRUE,TRUE
lapageria-rosea,-72.95599,-39.785983,CL,2023,HUMAN_OBSERVATION,TRUE,TRUE,TRUE,TRUE,TRUE,TRUE,TRUE
lapageria-rosea,-72.91141,-36.747385,CL,2023,HUMAN_OBSERVATION,TRUE,TRUE,TRUE,TRUE,TRUE,TRUE,TRUE
lapageria-rosea,-71.110452,-35.588841,CL,2023,HUMAN_OBSERVATION,TRUE,TRUE,TRUE,TRUE,TRUE,TRUE,TRUE
lapageria-rosea,-72.911913,-36.747314,CL,2023,HUMAN_OBSERVATION,TRUE,TRUE,TRUE,TRUE,TRUE,TRUE,TRUE
lapageria-rosea,-72.103378,-34.85393,CL,2023,HUMAN_OBSERVATION,TRUE,TRUE,TRUE,TRUE,TRUE,TRUE,TRUE
lapageria-rosea,-72.981375,-36.591815,CL,2023,HUMAN_OBSERVATION,TRUE,TRUE,TRUE,TRUE,TRUE,TRUE,TRUE
lapageria-rosea,-72.231887,-37.711082,CL,2023,HUMAN_OBSERVATION,TRUE,TRUE,TRUE,TRUE,TRUE,TRUE,TRUE
lapageria-rosea,-72.650999,-40.6421,CL,2023,HUMAN_OBSERVATION,TRUE,TRUE,TRUE,TRUE,TRUE,TRUE,TRUE
lapageria-rosea,-71.605432,-36.703172,CL,2023,HUMAN_OBSERVATION,TRUE,TRUE,TRUE,TRUE,TRUE,TRUE,TRUE
lapageria-rosea,-72.995986,-36.854382,CL,2023,HUMAN_OBSERVATION,TRUE,TRUE,TRUE,TRUE,TRUE,TRUE,TRUE
lapageria-rosea,-72.896308,-40.995435,CL,2023,HUMAN_OBSERVATION,TRUE,TRUE,TRUE,TRUE,TRUE,TRUE,TRUE
lapageria-rosea,-72.439946,-39.370641,CL,2023,HUMAN_OBSERVATION,TRUE,TRUE,TRUE,TRUE,TRUE,TRUE,TRUE
lapageria-rosea,-72.64355,-38.774561,CL,2023,HUMAN_OBSERVATION,TRUE,TRUE,TRUE,TRUE,TRUE,TRUE,TRUE
lapageria-rosea,-71.605071,-36.70341,CL,2023,HUMAN_OBSERVATION,TRUE,TRUE,TRUE,TRUE,TRUE,TRUE,TRUE
lapageria-rosea,-72.231952,-37.711092,CL,2023,HUMAN_OBSERVATION,TRUE,TRUE,TRUE,TRUE,TRUE,TRUE,TRUE
lapageria-rosea,-72.651026,-40.642002,CL,2023,HUMAN_OBSERVATION,TRUE,TRUE,TRUE,TRUE,TRUE,TRUE,TRUE
lapageria-rosea,-71.866112,-39.317763,CL,2023,HUMAN_OBSERVATION,TRUE,TRUE,TRUE,TRUE,TRUE,TRUE,TRUE
lapageria-rosea,-73.135266,-37.357815,CL,2023,HUMAN_OBSERVATION,TRUE,TRUE,TRUE,TRUE,TRUE,TRUE,TRUE
lapageria-rosea,-73.043412,-39.987127,CL,2023,HUMAN_OBSERVATION,TRUE,TRUE,TRUE,TRUE,TRUE,TRUE,TRUE
lapageria-rosea,-72.231914,-37.711116,CL,2023,HUMAN_OBSERVATION,TRUE,TRUE,TRUE,TRUE,TRUE,TRUE,TRUE
lapageria-rosea,-73.486279,-37.827417,CL,2023,HUMAN_OBSERVATION,TRUE,TRUE,TRUE,TRUE,TRUE,TRUE,TRUE
lapageria-rosea,-72.524259,-40.31907,CL,2023,HUMAN_OBSERVATION,TRUE,TRUE,TRUE,TRUE,TRUE,TRUE,TRUE
lapageria-rosea,-73.487083,-37.827312,CL,2023,HUMAN_OBSERVATION,TRUE,TRUE,TRUE,TRUE,TRUE,TRUE,TRUE
lapageria-rosea,-73.55365,-39.952236,CL,2023,HUMAN_OBSERVATION,TRUE,TRUE,TRUE,TRUE,TRUE,TRUE,TRUE
lapageria-rosea,-71.979759,-39.834075,CL,2023,HUMAN_OBSERVATION,TRUE,TRUE,TRUE,TRUE,TRUE,TRUE,TRUE
lapageria-rosea,-73.553116,-39.952657,CL,2023,HUMAN_OBSERVATION,TRUE,TRUE,TRUE,TRUE,TRUE,TRUE,TRUE
lapageria-rosea,-72.520539,-36.743967,CL,2023,HUMAN_OBSERVATION,TRUE,TRUE,TRUE,TRUE,TRUE,TRUE,TRUE
lapageria-rosea,-73.632734,-40.021234,CL,2023,HUMAN_OBSERVATION,TRUE,TRUE,TRUE,TRUE,TRUE,TRUE,TRUE
lapageria-rosea,-72.839887,-37.840932,CL,2023,HUMAN_OBSERVATION,TRUE,TRUE,TRUE,TRUE,TRUE,TRUE,TRUE
lapageria-rosea,-71.809145,-39.194195,CL,2023,HUMAN_OBSERVATION,TRUE,TRUE,TRUE,TRUE,TRUE,TRUE,TRUE
lapageria-rosea,-73.272921,-39.826122,CL,2023,HUMAN_OBSERVATION,TRUE,TRUE,TRUE,TRUE,TRUE,TRUE,TRUE
lapageria-rosea,-73.173308,-37.704103,CL,2023,HUMAN_OBSERVATION,TRUE,TRUE,TRUE,TRUE,TRUE,TRUE,TRUE
lapageria-rosea,-72.711831,-36.150882,CL,2023,HUMAN_OBSERVATION,TRUE,TRUE,TRUE,TRUE,TRUE,TRUE,TRUE
lapageria-rosea,-71.671669,-36.830512,CL,2023,HUMAN_OBSERVATION,TRUE,TRUE,TRUE,TRUE,TRUE,TRUE,TRUE
lapageria-rosea,-73.145865,-36.941458,CL,2023,HUMAN_OBSERVATION,TRUE,TRUE,TRUE,TRUE,TRUE,TRUE,TRUE
lapageria-rosea,-73.178268,-38.015575,CL,2023,HUMAN_OBSERVATION,TRUE,TRUE,TRUE,TRUE,TRUE,TRUE,TRUE
lapageria-rosea,-72.009963,-40.244013,CL,2023,HUMAN_OBSERVATION,TRUE,TRUE,TRUE,TRUE,TRUE,TRUE,TRUE
lapageria-rosea,-73.647117,-40.07565,CL,2023,HUMAN_OBSERVATION,TRUE,TRUE,TRUE,TRUE,TRUE,TRUE,TRUE
lapageria-rosea,-73.044724,-36.838156,CL,2023,HUMAN_OBSERVATION,TRUE,TRUE,TRUE,TRUE,TRUE,TRUE,TRUE
lapageria-rosea,-73.214987,-39.785906,CL,2023,HUMAN_OBSERVATION,TRUE,TRUE,TRUE,TRUE,TRUE,TRUE,TRUE
lapageria-rosea,-73.225266,-38.765236,CL,2023,HUMAN_OBSERVATION,TRUE,TRUE,TRUE,TRUE,TRUE,TRUE,TRUE
lapageria-rosea,-73.045095,-36.837107,CL,2023,HUMAN_OBSERVATION,TRUE,TRUE,TRUE,TRUE,TRUE,TRUE,TRUE
lapageria-rosea,-72.89981,-39.959415,CL,2023,HUMAN_OBSERVATION,TRUE,TRUE,TRUE,TRUE,TRUE,TRUE,TRUE
lapageria-rosea,-72.899618,-39.958617,CL,2023,HUMAN_OBSERVATION,TRUE,TRUE,TRUE,TRUE,TRUE,TRUE,TRUE
lapageria-rosea,-73.227974,-38.783526,CL,2023,HUMAN_OBSERVATION,TRUE,TRUE,TRUE,TRUE,TRUE,TRUE,TRUE
lapageria-rosea,-72.89981,-39.959415,CL,2023,HUMAN_OBSERVATION,TRUE,TRUE,TRUE,TRUE,TRUE,TRUE,TRUE
lapageria-rosea,-72.89981,-39.959415,CL,2023,HUMAN_OBSERVATION,TRUE,TRUE,TRUE,TRUE,TRUE,TRUE,TRUE
lapageria-rosea,-72.59007,-38.725715,CL,2023,HUMAN_OBSERVATION,TRUE,TRUE,TRUE,TRUE,TRUE,TRUE,TRUE
lapageria-rosea,-72.711897,-36.151484,CL,2023,HUMAN_OBSERVATION,TRUE,TRUE,TRUE,TRUE,TRUE,TRUE,TRUE
lapageria-rosea,-73.412005,-37.373724,CL,2023,HUMAN_OBSERVATION,TRUE,TRUE,TRUE,TRUE,TRUE,TRUE,TRUE
lapageria-rosea,-72.988225,-36.752717,CL,2023,HUMAN_OBSERVATION,TRUE,TRUE,TRUE,TRUE,TRUE,TRUE,TRUE
lapageria-rosea,-73.124898,-36.904137,CL,2023,HUMAN_OBSERVATION,TRUE,TRUE,TRUE,TRUE,TRUE,TRUE,TRUE
lapageria-rosea,-72.201837,-38.622412,CL,2023,HUMAN_OBSERVATION,TRUE,TRUE,TRUE,TRUE,TRUE,TRUE,TRUE
lapageria-rosea,-72.587416,-38.724872,CL,2023,HUMAN_OBSERVATION,TRUE,TRUE,TRUE,TRUE,TRUE,TRUE,TRUE
lapageria-rosea,-72.937874,-36.697578,CL,2023,HUMAN_OBSERVATION,TRUE,TRUE,TRUE,TRUE,TRUE,TRUE,TRUE
lapageria-rosea,-73.0476,-36.847378,CL,2023,HUMAN_OBSERVATION,TRUE,TRUE,TRUE,TRUE,TRUE,TRUE,TRUE
lapageria-rosea,-72.450256,-35.40345,CL,2023,HUMAN_OBSERVATION,TRUE,TRUE,TRUE,TRUE,TRUE,TRUE,TRUE
lapageria-rosea,-72.990251,-36.875592,CL,2023,HUMAN_OBSERVATION,TRUE,TRUE,TRUE,TRUE,TRUE,TRUE,TRUE
lapageria-rosea,-73.121465,-36.881304,CL,2023,HUMAN_OBSERVATION,TRUE,TRUE,TRUE,TRUE,TRUE,TRUE,TRUE
lapageria-rosea,-73.129084,-39.846645,CL,2023,HUMAN_OBSERVATION,TRUE,TRUE,TRUE,TRUE,TRUE,TRUE,TRUE
lapageria-rosea,-73.136908,-39.859649,CL,2023,HUMAN_OBSERVATION,TRUE,TRUE,TRUE,TRUE,TRUE,TRUE,TRUE
lapageria-rosea,-73.14336,-39.863131,CL,2023,HUMAN_OBSERVATION,TRUE,TRUE,TRUE,TRUE,TRUE,TRUE,TRUE
lapageria-rosea,-73.166194,-37.090764,CL,2023,HUMAN_OBSERVATION,TRUE,TRUE,TRUE,TRUE,TRUE,TRUE,TRUE
lapageria-rosea,-72.715481,-40.262667,CL,2023,HUMAN_OBSERVATION,TRUE,TRUE,TRUE,TRUE,TRUE,TRUE,TRUE
lapageria-rosea,-73.144452,-39.865748,CL,2023,HUMAN_OBSERVATION,TRUE,TRUE,TRUE,TRUE,TRUE,TRUE,TRUE
lapageria-rosea,-73.143345,-39.863096,CL,2023,HUMAN_OBSERVATION,TRUE,TRUE,TRUE,TRUE,TRUE,TRUE,TRUE
lapageria-rosea,-72.712157,-36.151018,CL,2023,HUMAN_OBSERVATION,TRUE,TRUE,TRUE,TRUE,TRUE,TRUE,TRUE
lapageria-rosea,-72.829012,-41.4337,CL,2023,HUMAN_OBSERVATION,TRUE,TRUE,TRUE,TRUE,TRUE,TRUE,TRUE
lapageria-rosea,-72.60231,-38.657167,CL,2023,HUMAN_OBSERVATION,TRUE,TRUE,TRUE,TRUE,TRUE,TRUE,TRUE
lapageria-rosea,-72.235322,-39.273268,CL,2023,HUMAN_OBSERVATION,TRUE,TRUE,TRUE,TRUE,TRUE,TRUE,TRUE
lapageria-rosea,-72.828744,-39.889378,CL,2023,HUMAN_OBSERVATION,TRUE,TRUE,TRUE,TRUE,TRUE,TRUE,TRUE
lapageria-rosea,-73.106743,-36.885147,CL,2023,HUMAN_OBSERVATION,TRUE,TRUE,TRUE,TRUE,TRUE,TRUE,TRUE
lapageria-rosea,-73.047799,-36.847487,CL,2023,HUMAN_OBSERVATION,TRUE,TRUE,TRUE,TRUE,TRUE,TRUE,TRUE
lapageria-rosea,-73.047386,-36.847478,CL,2023,HUMAN_OBSERVATION,TRUE,TRUE,TRUE,TRUE,TRUE,TRUE,TRUE
lapageria-rosea,-73.167492,-37.092625,CL,2023,HUMAN_OBSERVATION,TRUE,TRUE,TRUE,TRUE,TRUE,TRUE,TRUE
lapageria-rosea,-72.715677,-36.82467,CL,2023,HUMAN_OBSERVATION,TRUE,TRUE,TRUE,TRUE,TRUE,TRUE,TRUE
lapageria-rosea,-73.271522,-39.754931,CL,2023,HUMAN_OBSERVATION,TRUE,TRUE,TRUE,TRUE,TRUE,TRUE,TRUE
lapageria-rosea,-73.047757,-36.847527,CL,2023,HUMAN_OBSERVATION,TRUE,TRUE,TRUE,TRUE,TRUE,TRUE,TRUE
lapageria-rosea,-73.047634,-36.847375,CL,2023,HUMAN_OBSERVATION,TRUE,TRUE,TRUE,TRUE,TRUE,TRUE,TRUE
lapageria-rosea,-73.026789,-36.835987,CL,2023,HUMAN_OBSERVATION,TRUE,TRUE,TRUE,TRUE,TRUE,TRUE,TRUE
lapageria-rosea,-73.009914,-36.91956,CL,2023,HUMAN_OBSERVATION,TRUE,TRUE,TRUE,TRUE,TRUE,TRUE,TRUE
lapageria-rosea,-71.414458,-36.28423,CL,2023,HUMAN_OBSERVATION,TRUE,TRUE,TRUE,TRUE,TRUE,TRUE,TRUE
lapageria-rosea,-73.238595,-37.677025,CL,2023,HUMAN_OBSERVATION,TRUE,TRUE,TRUE,TRUE,TRUE,TRUE,TRUE
lapageria-rosea,-73.039247,-36.83984,CL,2023,HUMAN_OBSERVATION,TRUE,TRUE,TRUE,TRUE,TRUE,TRUE,TRUE
lapageria-rosea,-73.043755,-39.974953,CL,2023,HUMAN_OBSERVATION,TRUE,TRUE,TRUE,TRUE,TRUE,TRUE,TRUE
lapageria-rosea,-73.047364,-36.847438,CL,2023,HUMAN_OBSERVATION,TRUE,TRUE,TRUE,TRUE,TRUE,TRUE,TRUE
lapageria-rosea,-72.899767,-39.959349,CL,2023,HUMAN_OBSERVATION,TRUE,TRUE,TRUE,TRUE,TRUE,TRUE,TRUE
lapageria-rosea,-72.335038,-39.664971,CL,2023,HUMAN_OBSERVATION,TRUE,TRUE,TRUE,TRUE,TRUE,TRUE,TRUE
lapageria-rosea,-73.048126,-39.98553,CL,2023,HUMAN_OBSERVATION,TRUE,TRUE,TRUE,TRUE,TRUE,TRUE,TRUE
lapageria-rosea,-73.047578,-36.847345,CL,2023,HUMAN_OBSERVATION,TRUE,TRUE,TRUE,TRUE,TRUE,TRUE,TRUE
lapageria-rosea,-72.99685,-39.953026,CL,2023,HUMAN_OBSERVATION,TRUE,TRUE,TRUE,TRUE,TRUE,TRUE,TRUE
lapageria-rosea,-73.516142,-40.94263,CL,2023,HUMAN_OBSERVATION,TRUE,TRUE,TRUE,TRUE,TRUE,TRUE,TRUE
lapageria-rosea,-72.898323,-39.959234,CL,2023,HUMAN_OBSERVATION,TRUE,TRUE,TRUE,TRUE,TRUE,TRUE,TRUE
lapageria-rosea,-73.047613,-36.847365,CL,2023,HUMAN_OBSERVATION,TRUE,TRUE,TRUE,TRUE,TRUE,TRUE,TRUE
lapageria-rosea,-72.94612,-36.742502,CL,2023,HUMAN_OBSERVATION,TRUE,TRUE,TRUE,TRUE,TRUE,TRUE,TRUE
lapageria-rosea,-73.398925,-39.873938,CL,2023,HUMAN_OBSERVATION,TRUE,TRUE,TRUE,TRUE,TRUE,TRUE,TRUE
lapageria-rosea,-73.258238,-39.803087,CL,2023,HUMAN_OBSERVATION,TRUE,TRUE,TRUE,TRUE,TRUE,TRUE,TRUE
lapageria-rosea,-73.049638,-36.837874,CL,2023,HUMAN_OBSERVATION,TRUE,TRUE,TRUE,TRUE,TRUE,TRUE,TRUE
lapageria-rosea,-73.04749,-36.847165,CL,2023,HUMAN_OBSERVATION,TRUE,TRUE,TRUE,TRUE,TRUE,TRUE,TRUE
lapageria-rosea,-73.047683,-36.847457,CL,2023,HUMAN_OBSERVATION,TRUE,TRUE,TRUE,TRUE,TRUE,TRUE,TRUE
lapageria-rosea,-73.047553,-36.847228,CL,2023,HUMAN_OBSERVATION,TRUE,TRUE,TRUE,TRUE,TRUE,TRUE,TRUE
lapageria-rosea,-71.608456,-36.899504,CL,2023,HUMAN_OBSERVATION,TRUE,TRUE,TRUE,TRUE,TRUE,TRUE,TRUE
lapageria-rosea,-72.948763,-36.697525,CL,2023,HUMAN_OBSERVATION,TRUE,TRUE,TRUE,TRUE,TRUE,TRUE,TRUE
lapageria-rosea,-73.244522,-39.839292,CL,2023,HUMAN_OBSERVATION,TRUE,TRUE,TRUE,TRUE,TRUE,TRUE,TRUE
lapageria-rosea,-72.712025,-36.1511,CL,2023,HUMAN_OBSERVATION,TRUE,TRUE,TRUE,TRUE,TRUE,TRUE,TRUE
lapageria-rosea,-73.224275,-39.394588,CL,2023,HUMAN_OBSERVATION,TRUE,TRUE,TRUE,TRUE,TRUE,TRUE,TRUE
lapageria-rosea,-73.043715,-36.834565,CL,2023,HUMAN_OBSERVATION,TRUE,TRUE,TRUE,TRUE,TRUE,TRUE,TRUE
lapageria-rosea,-71.936067,-39.855217,CL,2023,HUMAN_OBSERVATION,TRUE,TRUE,TRUE,TRUE,TRUE,TRUE,TRUE
lapageria-rosea,-73.047683,-36.84752,CL,2023,HUMAN_OBSERVATION,TRUE,TRUE,TRUE,TRUE,TRUE,TRUE,TRUE
lapageria-rosea,-72.975492,-36.762291,CL,2023,HUMAN_OBSERVATION,TRUE,TRUE,TRUE,TRUE,TRUE,TRUE,TRUE
lapageria-rosea,-72.976801,-36.763077,CL,2023,HUMAN_OBSERVATION,TRUE,TRUE,TRUE,TRUE,TRUE,TRUE,TRUE
lapageria-rosea,-72.984109,-36.758659,CL,2023,HUMAN_OBSERVATION,TRUE,TRUE,TRUE,TRUE,TRUE,TRUE,TRUE
lapageria-rosea,-72.976182,-36.762778,CL,2023,HUMAN_OBSERVATION,TRUE,TRUE,TRUE,TRUE,TRUE,TRUE,TRUE
lapageria-rosea,-73.088618,-36.910382,CL,2023,HUMAN_OBSERVATION,TRUE,TRUE,TRUE,TRUE,TRUE,TRUE,TRUE
lapageria-rosea,-72.988463,-36.879953,CL,2023,HUMAN_OBSERVATION,TRUE,TRUE,TRUE,TRUE,TRUE,TRUE,TRUE
lapageria-rosea,-73.047551,-36.847049,CL,2023,HUMAN_OBSERVATION,TRUE,TRUE,TRUE,TRUE,TRUE,TRUE,TRUE
lapageria-rosea,-73.047045,-36.847157,CL,2023,HUMAN_OBSERVATION,TRUE,TRUE,TRUE,TRUE,TRUE,TRUE,TRUE
lapageria-rosea,-73.027936,-41.130477,CL,2023,HUMAN_OBSERVATION,TRUE,TRUE,TRUE,TRUE,TRUE,TRUE,TRUE
lapageria-rosea,-72.98915,-36.878422,CL,2023,HUMAN_OBSERVATION,TRUE,TRUE,TRUE,TRUE,TRUE,TRUE,TRUE
lapageria-rosea,-72.99085,-36.878898,CL,2023,HUMAN_OBSERVATION,TRUE,TRUE,TRUE,TRUE,TRUE,TRUE,TRUE
lapageria-rosea,-72.989128,-36.878425,CL,2023,HUMAN_OBSERVATION,TRUE,TRUE,TRUE,TRUE,TRUE,TRUE,TRUE
lapageria-rosea,-72.99104,-36.878848,CL,2023,HUMAN_OBSERVATION,TRUE,TRUE,TRUE,TRUE,TRUE,TRUE,TRUE
lapageria-rosea,-73.04727,-36.847403,CL,2023,HUMAN_OBSERVATION,TRUE,TRUE,TRUE,TRUE,TRUE,TRUE,TRUE
lapageria-rosea,-72.928877,-38.166889,CL,2023,HUMAN_OBSERVATION,TRUE,TRUE,TRUE,TRUE,TRUE,TRUE,TRUE
lapageria-rosea,-73.04756,-36.847308,CL,2023,HUMAN_OBSERVATION,TRUE,TRUE,TRUE,TRUE,TRUE,TRUE,TRUE
lapageria-rosea,-72.990815,-36.878907,CL,2023,HUMAN_OBSERVATION,TRUE,TRUE,TRUE,TRUE,TRUE,TRUE,TRUE
lapageria-rosea,-73.047417,-36.846904,CL,2023,HUMAN_OBSERVATION,TRUE,TRUE,TRUE,TRUE,TRUE,TRUE,TRUE
lapageria-rosea,-72.993297,-36.876396,CL,2023,HUMAN_OBSERVATION,TRUE,TRUE,TRUE,TRUE,TRUE,TRUE,TRUE
lapageria-rosea,-73.008281,-36.851711,CL,2023,HUMAN_OBSERVATION,TRUE,TRUE,TRUE,TRUE,TRUE,TRUE,TRUE
lapageria-rosea,-72.989188,-36.878425,CL,2023,HUMAN_OBSERVATION,TRUE,TRUE,TRUE,TRUE,TRUE,TRUE,TRUE
lapageria-rosea,-73.035178,-36.787433,CL,2023,HUMAN_OBSERVATION,TRUE,TRUE,TRUE,TRUE,TRUE,TRUE,TRUE
lapageria-rosea,-71.915006,-39.275662,CL,2023,HUMAN_OBSERVATION,TRUE,TRUE,TRUE,TRUE,TRUE,TRUE,TRUE
lapageria-rosea,-72.993254,-36.878122,CL,2023,HUMAN_OBSERVATION,TRUE,TRUE,TRUE,TRUE,TRUE,TRUE,TRUE
lapageria-rosea,-72.992138,-36.878122,CL,2023,HUMAN_OBSERVATION,TRUE,TRUE,TRUE,TRUE,TRUE,TRUE,TRUE
lapageria-rosea,-72.992138,-36.878122,CL,2023,HUMAN_OBSERVATION,TRUE,TRUE,TRUE,TRUE,TRUE,TRUE,TRUE
lapageria-rosea,-72.992997,-36.879151,CL,2023,HUMAN_OBSERVATION,TRUE,TRUE,TRUE,TRUE,TRUE,TRUE,TRUE
lapageria-rosea,-72.992138,-36.878122,CL,2023,HUMAN_OBSERVATION,TRUE,TRUE,TRUE,TRUE,TRUE,TRUE,TRUE
lapageria-rosea,-71.209125,-36.103544,CL,2023,HUMAN_OBSERVATION,TRUE,TRUE,TRUE,TRUE,TRUE,TRUE,TRUE
lapageria-rosea,-73.047675,-36.847375,CL,2023,HUMAN_OBSERVATION,TRUE,TRUE,TRUE,TRUE,TRUE,TRUE,TRUE
lapageria-rosea,-72.248658,-35.595151,CL,2023,HUMAN_OBSERVATION,TRUE,TRUE,TRUE,TRUE,TRUE,TRUE,TRUE
lapageria-rosea,-73.007627,-36.934512,CL,2023,HUMAN_OBSERVATION,TRUE,TRUE,TRUE,TRUE,TRUE,TRUE,TRUE
lapageria-rosea,-73.047383,-36.847284,CL,2023,HUMAN_OBSERVATION,TRUE,TRUE,TRUE,TRUE,TRUE,TRUE,TRUE
lapageria-rosea,-72.775973,-39.449413,CL,2023,HUMAN_OBSERVATION,TRUE,TRUE,TRUE,TRUE,TRUE,TRUE,TRUE
lapageria-rosea,-72.400833,-35.797817,CL,2023,HUMAN_OBSERVATION,TRUE,TRUE,TRUE,TRUE,TRUE,TRUE,TRUE
lapageria-rosea,-73.039883,-36.854838,CL,2023,HUMAN_OBSERVATION,TRUE,TRUE,TRUE,TRUE,TRUE,TRUE,TRUE
lapageria-rosea,-73.047705,-36.847421,CL,2023,HUMAN_OBSERVATION,TRUE,TRUE,TRUE,TRUE,TRUE,TRUE,TRUE
lapageria-rosea,-72.993203,-36.880049,CL,2023,HUMAN_OBSERVATION,TRUE,TRUE,TRUE,TRUE,TRUE,TRUE,TRUE
lapageria-rosea,-73.114956,-36.91577,CL,2023,HUMAN_OBSERVATION,TRUE,TRUE,TRUE,TRUE,TRUE,TRUE,TRUE
lapageria-rosea,-73.170094,-38.016069,CL,2023,HUMAN_OBSERVATION,TRUE,TRUE,TRUE,TRUE,TRUE,TRUE,TRUE
lapageria-rosea,-72.48856,-40.152238,CL,2023,HUMAN_OBSERVATION,TRUE,TRUE,TRUE,TRUE,TRUE,TRUE,TRUE
lapageria-rosea,-72.712027,-36.150698,CL,2023,HUMAN_OBSERVATION,TRUE,TRUE,TRUE,TRUE,TRUE,TRUE,TRUE
lapageria-rosea,-72.994788,-36.879887,CL,2023,HUMAN_OBSERVATION,TRUE,TRUE,TRUE,TRUE,TRUE,TRUE,TRUE
lapageria-rosea,-72.292861,-35.444369,CL,2023,HUMAN_OBSERVATION,TRUE,TRUE,TRUE,TRUE,TRUE,TRUE,TRUE
lapageria-rosea,-72.56498,-38.64967,CL,2023,HUMAN_OBSERVATION,TRUE,TRUE,TRUE,TRUE,TRUE,TRUE,TRUE
lapageria-rosea,-72.349798,-35.856217,CL,2023,HUMAN_OBSERVATION,TRUE,TRUE,TRUE,TRUE,TRUE,TRUE,TRUE
lapageria-rosea,-71.379415,-36.652808,CL,2023,HUMAN_OBSERVATION,TRUE,TRUE,TRUE,TRUE,TRUE,TRUE,TRUE
lapageria-rosea,-73.234444,-39.856517,CL,2023,HUMAN_OBSERVATION,TRUE,TRUE,TRUE,TRUE,TRUE,TRUE,TRUE
lapageria-rosea,-73.007878,-36.910769,CL,2023,HUMAN_OBSERVATION,TRUE,TRUE,TRUE,TRUE,TRUE,TRUE,TRUE
lapageria-rosea,-72.638223,-37.709067,CL,2023,HUMAN_OBSERVATION,TRUE,TRUE,TRUE,TRUE,TRUE,TRUE,TRUE
lapageria-rosea,-72.263892,-40.214165,CL,2023,HUMAN_OBSERVATION,TRUE,TRUE,TRUE,TRUE,TRUE,TRUE,TRUE
lapageria-rosea,-72.52188,-36.7029,CL,2023,HUMAN_OBSERVATION,TRUE,TRUE,TRUE,TRUE,TRUE,TRUE,TRUE
lapageria-rosea,-72.361172,-40.080559,CL,2023,HUMAN_OBSERVATION,TRUE,TRUE,TRUE,TRUE,TRUE,TRUE,TRUE
lapageria-rosea,-72.873886,-36.858138,CL,2023,HUMAN_OBSERVATION,TRUE,TRUE,TRUE,TRUE,TRUE,TRUE,TRUE
lapageria-rosea,-73.31441,-39.771096,CL,2023,HUMAN_OBSERVATION,TRUE,TRUE,TRUE,TRUE,TRUE,TRUE,TRUE
lapageria-rosea,-72.45358,-35.963567,CL,2023,HUMAN_OBSERVATION,TRUE,TRUE,TRUE,TRUE,TRUE,TRUE,TRUE
lapageria-rosea,-73.341042,-39.8569,CL,2023,HUMAN_OBSERVATION,TRUE,TRUE,TRUE,TRUE,TRUE,TRUE,TRUE
lapageria-rosea,-73.340235,-39.84768,CL,2023,HUMAN_OBSERVATION,TRUE,TRUE,TRUE,TRUE,TRUE,TRUE,TRUE
lapageria-rosea,-73.036964,-36.828055,CL,2023,HUMAN_OBSERVATION,TRUE,TRUE,TRUE,TRUE,TRUE,TRUE,TRUE
lapageria-rosea,-72.711988,-36.151081,CL,2023,HUMAN_OBSERVATION,TRUE,TRUE,TRUE,TRUE,TRUE,TRUE,TRUE
lapageria-rosea,-72.486304,-41.198233,CL,2023,HUMAN_OBSERVATION,TRUE,TRUE,TRUE,TRUE,TRUE,TRUE,TRUE
lapageria-rosea,-72.985964,-36.8975,CL,2023,HUMAN_OBSERVATION,TRUE,TRUE,TRUE,TRUE,TRUE,TRUE,TRUE
lapageria-rosea,-72.704678,-36.025947,CL,2023,HUMAN_OBSERVATION,TRUE,TRUE,TRUE,TRUE,TRUE,TRUE,TRUE
lapageria-rosea,-72.711724,-36.149636,CL,2023,HUMAN_OBSERVATION,TRUE,TRUE,TRUE,TRUE,TRUE,TRUE,TRUE
lapageria-rosea,-71.820205,-39.7685,CL,2023,HUMAN_OBSERVATION,TRUE,TRUE,TRUE,TRUE,TRUE,TRUE,TRUE
lapageria-rosea,-73.04761,-36.847393,CL,2023,HUMAN_OBSERVATION,TRUE,TRUE,TRUE,TRUE,TRUE,TRUE,TRUE
lapageria-rosea,-71.561072,-37.970404,CL,2023,HUMAN_OBSERVATION,TRUE,TRUE,TRUE,TRUE,TRUE,TRUE,TRUE
lapageria-rosea,-71.517479,-36.49392,CL,2023,HUMAN_OBSERVATION,TRUE,TRUE,TRUE,TRUE,TRUE,TRUE,TRUE
lapageria-rosea,-73.047692,-36.847317,CL,2022,HUMAN_OBSERVATION,TRUE,TRUE,TRUE,TRUE,TRUE,TRUE,TRUE
lapageria-rosea,-72.703186,-38.841942,CL,2022,HUMAN_OBSERVATION,TRUE,TRUE,TRUE,TRUE,TRUE,TRUE,TRUE
lapageria-rosea,-73.02858,-41.124814,CL,2022,HUMAN_OBSERVATION,TRUE,TRUE,TRUE,TRUE,TRUE,TRUE,TRUE
lapageria-rosea,-72.213496,-38.621714,CL,2022,HUMAN_OBSERVATION,TRUE,TRUE,TRUE,TRUE,TRUE,TRUE,TRUE
lapageria-rosea,-72.577389,-38.751542,CL,2022,HUMAN_OBSERVATION,TRUE,TRUE,TRUE,TRUE,TRUE,TRUE,TRUE
lapageria-rosea,-73.036608,-36.841363,CL,2022,HUMAN_OBSERVATION,TRUE,TRUE,TRUE,TRUE,TRUE,TRUE,TRUE
lapageria-rosea,-73.047682,-36.847502,CL,2022,HUMAN_OBSERVATION,TRUE,TRUE,TRUE,TRUE,TRUE,TRUE,TRUE
lapageria-rosea,-72.497496,-35.824038,CL,2022,HUMAN_OBSERVATION,TRUE,TRUE,TRUE,TRUE,TRUE,TRUE,TRUE
lapageria-rosea,-72.508762,-35.832614,CL,2022,HUMAN_OBSERVATION,TRUE,TRUE,TRUE,TRUE,TRUE,TRUE,TRUE
lapageria-rosea,-72.469835,-35.840591,CL,2022,HUMAN_OBSERVATION,TRUE,TRUE,TRUE,TRUE,TRUE,TRUE,TRUE
lapageria-rosea,-73.047753,-36.84747,CL,2022,HUMAN_OBSERVATION,TRUE,TRUE,TRUE,TRUE,TRUE,TRUE,TRUE
lapageria-rosea,-72.993297,-36.876396,CL,2022,HUMAN_OBSERVATION,TRUE,TRUE,TRUE,TRUE,TRUE,TRUE,TRUE
lapageria-rosea,-71.8648,-39.090258,CL,2022,HUMAN_OBSERVATION,TRUE,TRUE,TRUE,TRUE,TRUE,TRUE,TRUE
lapageria-rosea,-72.163025,-39.484836,CL,2022,HUMAN_OBSERVATION,TRUE,TRUE,TRUE,TRUE,TRUE,TRUE,TRUE
lapageria-rosea,-73.106331,-39.949383,CL,2022,HUMAN_OBSERVATION,TRUE,TRUE,TRUE,TRUE,TRUE,TRUE,TRUE
lapageria-rosea,-72.508338,-35.830762,CL,2022,HUMAN_OBSERVATION,TRUE,TRUE,TRUE,TRUE,TRUE,TRUE,TRUE
lapageria-rosea,-72.509856,-35.834055,CL,2022,HUMAN_OBSERVATION,TRUE,TRUE,TRUE,TRUE,TRUE,TRUE,TRUE
lapageria-rosea,-72.963122,-39.957534,CL,2022,HUMAN_OBSERVATION,TRUE,TRUE,TRUE,TRUE,TRUE,TRUE,TRUE
lapageria-rosea,-73.746537,-41.224205,CL,2022,HUMAN_OBSERVATION,TRUE,TRUE,TRUE,TRUE,TRUE,TRUE,TRUE
lapageria-rosea,-72.163025,-39.484836,CL,2022,HUMAN_OBSERVATION,TRUE,TRUE,TRUE,TRUE,TRUE,TRUE,TRUE
lapageria-rosea,-73.233914,-39.856191,CL,2022,HUMAN_OBSERVATION,TRUE,TRUE,TRUE,TRUE,TRUE,TRUE,TRUE
lapageria-rosea,-71.23413,-36.134269,CL,2022,HUMAN_OBSERVATION,TRUE,TRUE,TRUE,TRUE,TRUE,TRUE,TRUE
lapageria-rosea,-73.004364,-36.843167,CL,2022,HUMAN_OBSERVATION,TRUE,TRUE,TRUE,TRUE,TRUE,TRUE,TRUE
lapageria-rosea,-73.004466,-36.843368,CL,2022,HUMAN_OBSERVATION,TRUE,TRUE,TRUE,TRUE,TRUE,TRUE,TRUE
lapageria-rosea,-73.003831,-36.844189,CL,2022,HUMAN_OBSERVATION,TRUE,TRUE,TRUE,TRUE,TRUE,TRUE,TRUE
lapageria-rosea,-71.918599,-37.132937,CL,2022,HUMAN_OBSERVATION,TRUE,TRUE,TRUE,TRUE,TRUE,TRUE,TRUE
lapageria-rosea,-71.929509,-37.133342,CL,2022,HUMAN_OBSERVATION,TRUE,TRUE,TRUE,TRUE,TRUE,TRUE,TRUE
lapageria-rosea,-73.044242,-36.835216,CL,2022,HUMAN_OBSERVATION,TRUE,TRUE,TRUE,TRUE,TRUE,TRUE,TRUE
lapageria-rosea,-71.120661,-35.587211,CL,2022,HUMAN_OBSERVATION,TRUE,TRUE,TRUE,TRUE,TRUE,TRUE,TRUE
lapageria-rosea,-72.15265,-39.497795000000004,CL,2022,HUMAN_OBSERVATION,TRUE,TRUE,TRUE,TRUE,TRUE,TRUE,TRUE
lapageria-rosea,-73.271248,-39.825967,CL,2022,HUMAN_OBSERVATION,TRUE,TRUE,TRUE,TRUE,TRUE,TRUE,TRUE
lapageria-rosea,-72.151568,-39.496374,CL,2022,HUMAN_OBSERVATION,TRUE,TRUE,TRUE,TRUE,TRUE,TRUE,TRUE
lapageria-rosea,-73.422847,-40.937419,CL,2022,HUMAN_OBSERVATION,TRUE,TRUE,TRUE,TRUE,TRUE,TRUE,TRUE
lapageria-rosea,-72.151869,-39.498604,CL,2022,HUMAN_OBSERVATION,TRUE,TRUE,TRUE,TRUE,TRUE,TRUE,TRUE
lapageria-rosea,-72.221398,-39.502515,CL,2022,HUMAN_OBSERVATION,TRUE,TRUE,TRUE,TRUE,TRUE,TRUE,TRUE
lapageria-rosea,-72.150458,-39.498658,CL,2022,HUMAN_OBSERVATION,TRUE,TRUE,TRUE,TRUE,TRUE,TRUE,TRUE
lapageria-rosea,-71.975301,-39.326268,CL,2022,HUMAN_OBSERVATION,TRUE,TRUE,TRUE,TRUE,TRUE,TRUE,TRUE
lapageria-rosea,-71.985137,-39.292751,CL,2022,HUMAN_OBSERVATION,TRUE,TRUE,TRUE,TRUE,TRUE,TRUE,TRUE
lapageria-rosea,-72.149322,-39.496192,CL,2022,HUMAN_OBSERVATION,TRUE,TRUE,TRUE,TRUE,TRUE,TRUE,TRUE
lapageria-rosea,-71.705266,-36.912486,CL,2022,HUMAN_OBSERVATION,TRUE,TRUE,TRUE,TRUE,TRUE,TRUE,TRUE
lapageria-rosea,-72.978232,-36.588225,CL,2022,HUMAN_OBSERVATION,TRUE,TRUE,TRUE,TRUE,TRUE,TRUE,TRUE
lapageria-rosea,-73.257475,-39.804034,CL,2022,HUMAN_OBSERVATION,TRUE,TRUE,TRUE,TRUE,TRUE,TRUE,TRUE
lapageria-rosea,-71.854038,-38.472851,CL,2022,HUMAN_OBSERVATION,TRUE,TRUE,TRUE,TRUE,TRUE,TRUE,TRUE
lapageria-rosea,-71.951453,-37.311914,CL,2022,HUMAN_OBSERVATION,TRUE,TRUE,TRUE,TRUE,TRUE,TRUE,TRUE
lapageria-rosea,-72.332844,-39.641192,CL,2022,HUMAN_OBSERVATION,TRUE,TRUE,TRUE,TRUE,TRUE,TRUE,TRUE
lapageria-rosea,-73.313206,-39.772359,CL,2022,HUMAN_OBSERVATION,TRUE,TRUE,TRUE,TRUE,TRUE,TRUE,TRUE
lapageria-rosea,-73.183402,-38.009685,CL,2022,HUMAN_OBSERVATION,TRUE,TRUE,TRUE,TRUE,TRUE,TRUE,TRUE
lapageria-rosea,-73.031272,-41.123724,CL,2022,HUMAN_OBSERVATION,TRUE,TRUE,TRUE,TRUE,TRUE,TRUE,TRUE
lapageria-rosea,-72.292663,-35.443713,CL,2022,HUMAN_OBSERVATION,TRUE,TRUE,TRUE,TRUE,TRUE,TRUE,TRUE
lapageria-rosea,-71.785705,-39.196597,CL,2022,HUMAN_OBSERVATION,TRUE,TRUE,TRUE,TRUE,TRUE,TRUE,TRUE
lapageria-rosea,-73.258951,-39.798612,CL,2022,HUMAN_OBSERVATION,TRUE,TRUE,TRUE,TRUE,TRUE,TRUE,TRUE
lapageria-rosea,-71.836119,-39.314153,CL,2022,HUMAN_OBSERVATION,TRUE,TRUE,TRUE,TRUE,TRUE,TRUE,TRUE
lapageria-rosea,-73.038658,-36.837487,CL,2022,HUMAN_OBSERVATION,TRUE,TRUE,TRUE,TRUE,TRUE,TRUE,TRUE
lapageria-rosea,-72.538535,-40.283537,CL,2022,HUMAN_OBSERVATION,TRUE,TRUE,TRUE,TRUE,TRUE,TRUE,TRUE
lapageria-rosea,-71.699886,-36.817396,CL,2022,HUMAN_OBSERVATION,TRUE,TRUE,TRUE,TRUE,TRUE,TRUE,TRUE
lapageria-rosea,-73.082412,-39.971961,CL,2022,HUMAN_OBSERVATION,TRUE,TRUE,TRUE,TRUE,TRUE,TRUE,TRUE
lapageria-rosea,-72.046628,-39.532471,CL,2022,HUMAN_OBSERVATION,TRUE,TRUE,TRUE,TRUE,TRUE,TRUE,TRUE
lapageria-rosea,-71.859097,-39.281834,CL,2022,HUMAN_OBSERVATION,TRUE,TRUE,TRUE,TRUE,TRUE,TRUE,TRUE
lapageria-rosea,-71.955136,-39.85263,CL,2022,HUMAN_OBSERVATION,TRUE,TRUE,TRUE,TRUE,TRUE,TRUE,TRUE
lapageria-rosea,-73.349644,-37.470449,CL,2022,HUMAN_OBSERVATION,TRUE,TRUE,TRUE,TRUE,TRUE,TRUE,TRUE
lapageria-rosea,-72.95653,-39.972849,CL,2022,HUMAN_OBSERVATION,TRUE,TRUE,TRUE,TRUE,TRUE,TRUE,TRUE
lapageria-rosea,-71.75084,-39.249409,CL,2022,HUMAN_OBSERVATION,TRUE,TRUE,TRUE,TRUE,TRUE,TRUE,TRUE
lapageria-rosea,-72.661597,-39.97912,CL,2022,HUMAN_OBSERVATION,TRUE,TRUE,TRUE,TRUE,TRUE,TRUE,TRUE
lapageria-rosea,-73.6599,-40.466535,CL,2022,HUMAN_OBSERVATION,TRUE,TRUE,TRUE,TRUE,TRUE,TRUE,TRUE
lapageria-rosea,-72.117732,-39.302592,CL,2022,HUMAN_OBSERVATION,TRUE,TRUE,TRUE,TRUE,TRUE,TRUE,TRUE
lapageria-rosea,-73.658059,-40.475887,CL,2022,HUMAN_OBSERVATION,TRUE,TRUE,TRUE,TRUE,TRUE,TRUE,TRUE
lapageria-rosea,-72.259161,-39.502972,CL,2022,HUMAN_OBSERVATION,TRUE,TRUE,TRUE,TRUE,TRUE,TRUE,TRUE
lapageria-rosea,-73.601783,-40.490622,CL,2022,HUMAN_OBSERVATION,TRUE,TRUE,TRUE,TRUE,TRUE,TRUE,TRUE
lapageria-rosea,-73.258199,-39.799888,CL,2022,HUMAN_OBSERVATION,TRUE,TRUE,TRUE,TRUE,TRUE,TRUE,TRUE
lapageria-rosea,-72.592449,-38.66142,CL,2022,HUMAN_OBSERVATION,TRUE,TRUE,TRUE,TRUE,TRUE,TRUE,TRUE
lapageria-rosea,-71.838015,-39.237391,CL,2022,HUMAN_OBSERVATION,TRUE,TRUE,TRUE,TRUE,TRUE,TRUE,TRUE
lapageria-rosea,-73.046909,-36.836261,CL,2022,HUMAN_OBSERVATION,TRUE,TRUE,TRUE,TRUE,TRUE,TRUE,TRUE
lapageria-rosea,-72.486173,-37.496045,CL,2022,HUMAN_OBSERVATION,TRUE,TRUE,TRUE,TRUE,TRUE,TRUE,TRUE
lapageria-rosea,-71.397971,-36.102271,CL,2022,HUMAN_OBSERVATION,TRUE,TRUE,TRUE,TRUE,TRUE,TRUE,TRUE
lapageria-rosea,-72.791389,-36.097778,CL,2022,HUMAN_OBSERVATION,TRUE,TRUE,TRUE,TRUE,TRUE,TRUE,TRUE
lapageria-rosea,-73.37945,-39.757048,CL,2022,HUMAN_OBSERVATION,TRUE,TRUE,TRUE,TRUE,TRUE,TRUE,TRUE
lapageria-rosea,-71.97933,-39.832174,CL,2022,HUMAN_OBSERVATION,TRUE,TRUE,TRUE,TRUE,TRUE,TRUE,TRUE
lapageria-rosea,-71.532213,-36.574073,CL,2022,HUMAN_OBSERVATION,TRUE,TRUE,TRUE,TRUE,TRUE,TRUE,TRUE
lapageria-rosea,-71.983895,-34.969855,CL,2022,HUMAN_OBSERVATION,TRUE,TRUE,TRUE,TRUE,TRUE,TRUE,TRUE
lapageria-rosea,-71.786574,-39.275384,CL,2022,HUMAN_OBSERVATION,TRUE,TRUE,TRUE,TRUE,TRUE,TRUE,TRUE
lapageria-rosea,-72.914117,-37.307254,CL,2022,HUMAN_OBSERVATION,TRUE,TRUE,TRUE,TRUE,TRUE,TRUE,TRUE
lapageria-rosea,-72.91551,-37.307423,CL,2022,HUMAN_OBSERVATION,TRUE,TRUE,TRUE,TRUE,TRUE,TRUE,TRUE
lapageria-rosea,-73.043625,-36.798375,CL,2022,HUMAN_OBSERVATION,TRUE,TRUE,TRUE,TRUE,TRUE,TRUE,TRUE
lapageria-rosea,-73.047439,-36.847368,CL,2022,HUMAN_OBSERVATION,TRUE,TRUE,TRUE,TRUE,TRUE,TRUE,TRUE
lapageria-rosea,-71.955702,-39.853328,CL,2022,HUMAN_OBSERVATION,TRUE,TRUE,TRUE,TRUE,TRUE,TRUE,TRUE
lapageria-rosea,-73.17064,-39.860642,CL,2022,HUMAN_OBSERVATION,TRUE,TRUE,TRUE,TRUE,TRUE,TRUE,TRUE
lapageria-rosea,-73.026789,-36.835987,CL,2022,HUMAN_OBSERVATION,TRUE,TRUE,TRUE,TRUE,TRUE,TRUE,TRUE
lapageria-rosea,-73.047778,-36.834167,CL,2022,HUMAN_OBSERVATION,TRUE,TRUE,TRUE,TRUE,TRUE,TRUE,TRUE
lapageria-rosea,-73.244395,-39.840453,CL,2022,HUMAN_OBSERVATION,TRUE,TRUE,TRUE,TRUE,TRUE,TRUE,TRUE
lapageria-rosea,-73.02716,-36.835982,CL,2022,HUMAN_OBSERVATION,TRUE,TRUE,TRUE,TRUE,TRUE,TRUE,TRUE
lapageria-rosea,-73.24461,-39.840435,CL,2022,HUMAN_OBSERVATION,TRUE,TRUE,TRUE,TRUE,TRUE,TRUE,TRUE
lapageria-rosea,-73.02701,-36.835965,CL,2022,HUMAN_OBSERVATION,TRUE,TRUE,TRUE,TRUE,TRUE,TRUE,TRUE
lapageria-rosea,-71.920378,-37.295172,CL,2022,HUMAN_OBSERVATION,TRUE,TRUE,TRUE,TRUE,TRUE,TRUE,TRUE
lapageria-rosea,-73.04753,-36.847125,CL,2022,HUMAN_OBSERVATION,TRUE,TRUE,TRUE,TRUE,TRUE,TRUE,TRUE
lapageria-rosea,-73.245168,-39.839611,CL,2022,HUMAN_OBSERVATION,TRUE,TRUE,TRUE,TRUE,TRUE,TRUE,TRUE
lapageria-rosea,-71.651081,-39.338017,CL,2022,HUMAN_OBSERVATION,TRUE,TRUE,TRUE,TRUE,TRUE,TRUE,TRUE
lapageria-rosea,-73.244625,-39.790295,CL,2022,HUMAN_OBSERVATION,TRUE,TRUE,TRUE,TRUE,TRUE,TRUE,TRUE
lapageria-rosea,-71.806237,-37.666725,CL,2022,HUMAN_OBSERVATION,TRUE,TRUE,TRUE,TRUE,TRUE,TRUE,TRUE
lapageria-rosea,-72.583481,-38.720154,CL,2022,HUMAN_OBSERVATION,TRUE,TRUE,TRUE,TRUE,TRUE,TRUE,TRUE
lapageria-rosea,-73.180067,-38.014319,CL,2022,HUMAN_OBSERVATION,TRUE,TRUE,TRUE,TRUE,TRUE,TRUE,TRUE
lapageria-rosea,-72.993165,-36.876083,CL,2022,HUMAN_OBSERVATION,TRUE,TRUE,TRUE,TRUE,TRUE,TRUE,TRUE
lapageria-rosea,-72.993315,-36.876375,CL,2022,HUMAN_OBSERVATION,TRUE,TRUE,TRUE,TRUE,TRUE,TRUE,TRUE
lapageria-rosea,-72.993244,-36.876208,CL,2022,HUMAN_OBSERVATION,TRUE,TRUE,TRUE,TRUE,TRUE,TRUE,TRUE
lapageria-rosea,-72.993594,-36.876495,CL,2022,HUMAN_OBSERVATION,TRUE,TRUE,TRUE,TRUE,TRUE,TRUE,TRUE
lapageria-rosea,-72.993594,-36.876392,CL,2022,HUMAN_OBSERVATION,TRUE,TRUE,TRUE,TRUE,TRUE,TRUE,TRUE
lapageria-rosea,-73.168708,-40.549819,CL,2022,HUMAN_OBSERVATION,TRUE,TRUE,TRUE,TRUE,TRUE,TRUE,TRUE
lapageria-rosea,-72.943598,-37.943464,CL,2022,HUMAN_OBSERVATION,TRUE,TRUE,TRUE,TRUE,TRUE,TRUE,TRUE
lapageria-rosea,-73.627288,-37.599723,CL,2022,HUMAN_OBSERVATION,TRUE,TRUE,TRUE,TRUE,TRUE,TRUE,TRUE
lapageria-rosea,-73.308433,-39.702461,CL,2022,HUMAN_OBSERVATION,TRUE,TRUE,TRUE,TRUE,TRUE,TRUE,TRUE
lapageria-rosea,-72.990751,-36.878456,CL,2022,HUMAN_OBSERVATION,TRUE,TRUE,TRUE,TRUE,TRUE,TRUE,TRUE
lapageria-rosea,-72.616275,-35.94922,CL,2022,HUMAN_OBSERVATION,TRUE,TRUE,TRUE,TRUE,TRUE,TRUE,TRUE
lapageria-rosea,-72.616347,-35.94918,CL,2022,HUMAN_OBSERVATION,TRUE,TRUE,TRUE,TRUE,TRUE,TRUE,TRUE
lapageria-rosea,-71.749201,-37.788108,CL,2022,HUMAN_OBSERVATION,TRUE,TRUE,TRUE,TRUE,TRUE,TRUE,TRUE
lapageria-rosea,-73.094728,-36.86227,CL,2022,HUMAN_OBSERVATION,TRUE,TRUE,TRUE,TRUE,TRUE,TRUE,TRUE
lapageria-rosea,-71.195661,-32.993526,CL,2022,HUMAN_OBSERVATION,TRUE,TRUE,TRUE,TRUE,TRUE,TRUE,TRUE
lapageria-rosea,-71.8469,-39.760833,CL,2022,HUMAN_OBSERVATION,TRUE,TRUE,TRUE,TRUE,TRUE,TRUE,TRUE
lapageria-rosea,-71.998722,-39.792375,CL,2022,HUMAN_OBSERVATION,TRUE,TRUE,TRUE,TRUE,TRUE,TRUE,TRUE
lapageria-rosea,-72.984293,-36.745805,CL,2022,HUMAN_OBSERVATION,TRUE,TRUE,TRUE,TRUE,TRUE,TRUE,TRUE
lapageria-rosea,-73.0367,-36.827833,CL,2022,HUMAN_OBSERVATION,TRUE,TRUE,TRUE,TRUE,TRUE,TRUE,TRUE
lapageria-rosea,-73.036745,-36.827871,CL,2022,HUMAN_OBSERVATION,TRUE,TRUE,TRUE,TRUE,TRUE,TRUE,TRUE
lapageria-rosea,-72.228166,-39.28271,CL,2022,HUMAN_OBSERVATION,TRUE,TRUE,TRUE,TRUE,TRUE,TRUE,TRUE
lapageria-rosea,-73.020831,-36.767494,CL,2022,HUMAN_OBSERVATION,TRUE,TRUE,TRUE,TRUE,TRUE,TRUE,TRUE
lapageria-rosea,-73.020169,-36.7666,CL,2022,HUMAN_OBSERVATION,TRUE,TRUE,TRUE,TRUE,TRUE,TRUE,TRUE
lapageria-rosea,-71.700919,-37.129828,CL,2022,HUMAN_OBSERVATION,TRUE,TRUE,TRUE,TRUE,TRUE,TRUE,TRUE
lapageria-rosea,-73.018852999999993,-36.766754,CL,2022,HUMAN_OBSERVATION,TRUE,TRUE,TRUE,TRUE,TRUE,TRUE,TRUE
lapageria-rosea,-73.018069,-36.766854,CL,2022,HUMAN_OBSERVATION,TRUE,TRUE,TRUE,TRUE,TRUE,TRUE,TRUE
lapageria-rosea,-73.262925,-39.78898,CL,2022,HUMAN_OBSERVATION,TRUE,TRUE,TRUE,TRUE,TRUE,TRUE,TRUE
lapageria-rosea,-72.241652,-37.709267,CL,2022,HUMAN_OBSERVATION,TRUE,TRUE,TRUE,TRUE,TRUE,TRUE,TRUE
lapageria-rosea,-73.101213,-36.844479,CL,2022,HUMAN_OBSERVATION,TRUE,TRUE,TRUE,TRUE,TRUE,TRUE,TRUE
lapageria-rosea,-73.333842,-39.84556,CL,2022,HUMAN_OBSERVATION,TRUE,TRUE,TRUE,TRUE,TRUE,TRUE,TRUE
lapageria-rosea,-73.109647,-36.845865,CL,2022,HUMAN_OBSERVATION,TRUE,TRUE,TRUE,TRUE,TRUE,TRUE,TRUE
lapageria-rosea,-72.241557,-37.709243,CL,2022,HUMAN_OBSERVATION,TRUE,TRUE,TRUE,TRUE,TRUE,TRUE,TRUE
lapageria-rosea,-72.946108,-36.696484,CL,2022,HUMAN_OBSERVATION,TRUE,TRUE,TRUE,TRUE,TRUE,TRUE,TRUE
lapageria-rosea,-73.398409,-39.874244,CL,2022,HUMAN_OBSERVATION,TRUE,TRUE,TRUE,TRUE,TRUE,TRUE,TRUE
lapageria-rosea,-73.568842,-41.203609,CL,2022,HUMAN_OBSERVATION,TRUE,TRUE,TRUE,TRUE,TRUE,TRUE,TRUE
lapageria-rosea,-73.398503,-39.874254,CL,2022,HUMAN_OBSERVATION,TRUE,TRUE,TRUE,TRUE,TRUE,TRUE,TRUE
lapageria-rosea,-71.899942,-39.300533,CL,2022,HUMAN_OBSERVATION,TRUE,TRUE,TRUE,TRUE,TRUE,TRUE,TRUE
lapageria-rosea,-73.397545,-39.842245,CL,2022,HUMAN_OBSERVATION,TRUE,TRUE,TRUE,TRUE,TRUE,TRUE,TRUE
lapageria-rosea,-73.047822,-36.847708,CL,2022,HUMAN_OBSERVATION,TRUE,TRUE,TRUE,TRUE,TRUE,TRUE,TRUE
lapageria-rosea,-73.272453,-39.754704,CL,2022,HUMAN_OBSERVATION,TRUE,TRUE,TRUE,TRUE,TRUE,TRUE,TRUE
lapageria-rosea,-73.126649,-36.904955,CL,2022,HUMAN_OBSERVATION,TRUE,TRUE,TRUE,TRUE,TRUE,TRUE,TRUE
lapageria-rosea,-73.048274,-39.992961,CL,2022,HUMAN_OBSERVATION,TRUE,TRUE,TRUE,TRUE,TRUE,TRUE,TRUE
lapageria-rosea,-72.946563,-39.959198,CL,2022,HUMAN_OBSERVATION,TRUE,TRUE,TRUE,TRUE,TRUE,TRUE,TRUE
lapageria-rosea,-72.997925,-36.878592,CL,2022,HUMAN_OBSERVATION,TRUE,TRUE,TRUE,TRUE,TRUE,TRUE,TRUE
lapageria-rosea,-72.899824,-39.957597,CL,2022,HUMAN_OBSERVATION,TRUE,TRUE,TRUE,TRUE,TRUE,TRUE,TRUE
lapageria-rosea,-72.176505,-40.278741,CL,2021,HUMAN_OBSERVATION,TRUE,TRUE,TRUE,TRUE,TRUE,TRUE,TRUE
lapageria-rosea,-72.410737,-35.867428,CL,2021,HUMAN_OBSERVATION,TRUE,TRUE,TRUE,TRUE,TRUE,TRUE,TRUE
lapageria-rosea,-73.047517,-36.847183,CL,2021,HUMAN_OBSERVATION,TRUE,TRUE,TRUE,TRUE,TRUE,TRUE,TRUE
lapageria-rosea,-72.977322,-36.892318,CL,2021,HUMAN_OBSERVATION,TRUE,TRUE,TRUE,TRUE,TRUE,TRUE,TRUE
lapageria-rosea,-72.211093,-38.63176,CL,2021,HUMAN_OBSERVATION,TRUE,TRUE,TRUE,TRUE,TRUE,TRUE,TRUE
lapageria-rosea,-72.090647,-38.423601,CL,2021,HUMAN_OBSERVATION,TRUE,TRUE,TRUE,TRUE,TRUE,TRUE,TRUE
lapageria-rosea,-72.208673,-38.620546,CL,2021,HUMAN_OBSERVATION,TRUE,TRUE,TRUE,TRUE,TRUE,TRUE,TRUE
lapageria-rosea,-73.285075,-37.956399,CL,2021,HUMAN_OBSERVATION,TRUE,TRUE,TRUE,TRUE,TRUE,TRUE,TRUE
lapageria-rosea,-73.047469,-36.847153,CL,2021,HUMAN_OBSERVATION,TRUE,TRUE,TRUE,TRUE,TRUE,TRUE,TRUE
lapageria-rosea,-73.047569,-36.847083,CL,2021,HUMAN_OBSERVATION,TRUE,TRUE,TRUE,TRUE,TRUE,TRUE,TRUE
lapageria-rosea,-73.23423,-39.856447,CL,2021,HUMAN_OBSERVATION,TRUE,TRUE,TRUE,TRUE,TRUE,TRUE,TRUE
lapageria-rosea,-72.464541,-40.139729,CL,2021,HUMAN_OBSERVATION,TRUE,TRUE,TRUE,TRUE,TRUE,TRUE,TRUE
lapageria-rosea,-71.834553,-39.238736,CL,2021,HUMAN_OBSERVATION,TRUE,TRUE,TRUE,TRUE,TRUE,TRUE,TRUE
lapageria-rosea,-71.834175,-39.239119,CL,2021,HUMAN_OBSERVATION,TRUE,TRUE,TRUE,TRUE,TRUE,TRUE,TRUE
lapageria-rosea,-71.81456,-38.58602,CL,2021,HUMAN_OBSERVATION,TRUE,TRUE,TRUE,TRUE,TRUE,TRUE,TRUE
lapageria-rosea,-73.040729,-39.584395,CL,2021,HUMAN_OBSERVATION,TRUE,TRUE,TRUE,TRUE,TRUE,TRUE,TRUE
lapageria-rosea,-72.05357,-39.305335,CL,2021,HUMAN_OBSERVATION,TRUE,TRUE,TRUE,TRUE,TRUE,TRUE,TRUE
lapageria-rosea,-71.818345,-37.553523,CL,2021,HUMAN_OBSERVATION,TRUE,TRUE,TRUE,TRUE,TRUE,TRUE,TRUE
lapageria-rosea,-72.984004,-36.584285,CL,2021,HUMAN_OBSERVATION,TRUE,TRUE,TRUE,TRUE,TRUE,TRUE,TRUE
lapageria-rosea,-72.587463,-38.724221,CL,2021,HUMAN_OBSERVATION,TRUE,TRUE,TRUE,TRUE,TRUE,TRUE,TRUE
lapageria-rosea,-71.929131,-39.269447,CL,2021,HUMAN_OBSERVATION,TRUE,TRUE,TRUE,TRUE,TRUE,TRUE,TRUE
lapageria-rosea,-71.918863,-39.626647,CL,2021,HUMAN_OBSERVATION,TRUE,TRUE,TRUE,TRUE,TRUE,TRUE,TRUE
lapageria-rosea,-71.918863,-39.626647,CL,2021,HUMAN_OBSERVATION,TRUE,TRUE,TRUE,TRUE,TRUE,TRUE,TRUE
lapageria-rosea,-73.37628,-39.743763,CL,2021,HUMAN_OBSERVATION,TRUE,TRUE,TRUE,TRUE,TRUE,TRUE,TRUE
lapageria-rosea,-73.599317,-41.020697,CL,2021,HUMAN_OBSERVATION,TRUE,TRUE,TRUE,TRUE,TRUE,TRUE,TRUE
lapageria-rosea,-73.047614,-36.847047,CL,2021,HUMAN_OBSERVATION,TRUE,TRUE,TRUE,TRUE,TRUE,TRUE,TRUE
lapageria-rosea,-73.128906,-36.909362,CL,2021,HUMAN_OBSERVATION,TRUE,TRUE,TRUE,TRUE,TRUE,TRUE,TRUE
lapageria-rosea,-73.854088,-40.895905,CL,2021,HUMAN_OBSERVATION,TRUE,TRUE,TRUE,TRUE,TRUE,TRUE,TRUE
lapageria-rosea,-72.797804,-36.889707,CL,2021,HUMAN_OBSERVATION,TRUE,TRUE,TRUE,TRUE,TRUE,TRUE,TRUE
lapageria-rosea,-72.657771,-38.721411,CL,2021,HUMAN_OBSERVATION,TRUE,TRUE,TRUE,TRUE,TRUE,TRUE,TRUE
lapageria-rosea,-71.77906,-38.136055,CL,2021,HUMAN_OBSERVATION,TRUE,TRUE,TRUE,TRUE,TRUE,TRUE,TRUE
lapageria-rosea,-71.983406,-39.81801,CL,2021,HUMAN_OBSERVATION,TRUE,TRUE,TRUE,TRUE,TRUE,TRUE,TRUE
lapageria-rosea,-73.842077,-40.777563,CL,2021,HUMAN_OBSERVATION,TRUE,TRUE,TRUE,TRUE,TRUE,TRUE,TRUE
lapageria-rosea,-73.6258,-41.215283,CL,2021,HUMAN_OBSERVATION,TRUE,TRUE,TRUE,TRUE,TRUE,TRUE,TRUE
lapageria-rosea,-73.261531,-39.803596,CL,2021,HUMAN_OBSERVATION,TRUE,TRUE,TRUE,TRUE,TRUE,TRUE,TRUE
lapageria-rosea,-73.198994,-38.025754,CL,2021,HUMAN_OBSERVATION,TRUE,TRUE,TRUE,TRUE,TRUE,TRUE,TRUE
lapageria-rosea,-73.281896,-39.82278,CL,2021,HUMAN_OBSERVATION,TRUE,TRUE,TRUE,TRUE,TRUE,TRUE,TRUE
lapageria-rosea,-72.160477,-37.865162,CL,2021,HUMAN_OBSERVATION,TRUE,TRUE,TRUE,TRUE,TRUE,TRUE,TRUE
lapageria-rosea,-72.617989,-35.84943,CL,2021,HUMAN_OBSERVATION,TRUE,TRUE,TRUE,TRUE,TRUE,TRUE,TRUE
lapageria-rosea,-73.033983,-36.877409,CL,2021,HUMAN_OBSERVATION,TRUE,TRUE,TRUE,TRUE,TRUE,TRUE,TRUE
lapageria-rosea,-72.208527,-39.560698,CL,2021,HUMAN_OBSERVATION,TRUE,TRUE,TRUE,TRUE,TRUE,TRUE,TRUE
lapageria-rosea,-72.58417,-38.726204,CL,2021,HUMAN_OBSERVATION,TRUE,TRUE,TRUE,TRUE,TRUE,TRUE,TRUE
lapageria-rosea,-71.909962,-39.296525,CL,2021,HUMAN_OBSERVATION,TRUE,TRUE,TRUE,TRUE,TRUE,TRUE,TRUE
lapageria-rosea,-70.576095,-33.376892,CL,2021,HUMAN_OBSERVATION,TRUE,TRUE,TRUE,TRUE,TRUE,TRUE,TRUE
lapageria-rosea,-72.949685,-36.697823,CL,2021,HUMAN_OBSERVATION,TRUE,TRUE,TRUE,TRUE,TRUE,TRUE,TRUE
lapageria-rosea,-73.343753,-39.859229,CL,2021,HUMAN_OBSERVATION,TRUE,TRUE,TRUE,TRUE,TRUE,TRUE,TRUE
lapageria-rosea,-72.64412,-36.206636,CL,2021,HUMAN_OBSERVATION,TRUE,TRUE,TRUE,TRUE,TRUE,TRUE,TRUE
lapageria-rosea,-73.237065,-39.85792,CL,2021,HUMAN_OBSERVATION,TRUE,TRUE,TRUE,TRUE,TRUE,TRUE,TRUE
lapageria-rosea,-72.455778,-40.312626,CL,2021,HUMAN_OBSERVATION,TRUE,TRUE,TRUE,TRUE,TRUE,TRUE,TRUE
lapageria-rosea,-72.663487,-36.824949,CL,2021,HUMAN_OBSERVATION,TRUE,TRUE,TRUE,TRUE,TRUE,TRUE,TRUE
lapageria-rosea,-73.242465,-39.840473,CL,2021,HUMAN_OBSERVATION,TRUE,TRUE,TRUE,TRUE,TRUE,TRUE,TRUE
lapageria-rosea,-71.826989,-39.329527,CL,2021,HUMAN_OBSERVATION,TRUE,TRUE,TRUE,TRUE,TRUE,TRUE,TRUE
lapageria-rosea,-73.747696,-40.618198,CL,2021,HUMAN_OBSERVATION,TRUE,TRUE,TRUE,TRUE,TRUE,TRUE,TRUE
lapageria-rosea,-72.9266,-38.152694,CL,2021,HUMAN_OBSERVATION,TRUE,TRUE,TRUE,TRUE,TRUE,TRUE,TRUE
lapageria-rosea,-73.161324,-40.558668,CL,2021,HUMAN_OBSERVATION,TRUE,TRUE,TRUE,TRUE,TRUE,TRUE,TRUE
lapageria-rosea,-73.047486,-36.847345,CL,2021,HUMAN_OBSERVATION,TRUE,TRUE,TRUE,TRUE,TRUE,TRUE,TRUE
lapageria-rosea,-72.588965,-38.727252,CL,2021,HUMAN_OBSERVATION,TRUE,TRUE,TRUE,TRUE,TRUE,TRUE,TRUE
lapageria-rosea,-72.585365,-38.731033,CL,2021,HUMAN_OBSERVATION,TRUE,TRUE,TRUE,TRUE,TRUE,TRUE,TRUE
lapageria-rosea,-73.39389,-38.779308,CL,2021,HUMAN_OBSERVATION,TRUE,TRUE,TRUE,TRUE,TRUE,TRUE,TRUE
lapageria-rosea,-73.36264,-38.791885,CL,2021,HUMAN_OBSERVATION,TRUE,TRUE,TRUE,TRUE,TRUE,TRUE,TRUE
lapageria-rosea,-73.374519,-38.78894,CL,2021,HUMAN_OBSERVATION,TRUE,TRUE,TRUE,TRUE,TRUE,TRUE,TRUE
lapageria-rosea,-73.047089,-39.765524,CL,2021,HUMAN_OBSERVATION,TRUE,TRUE,TRUE,TRUE,TRUE,TRUE,TRUE
lapageria-rosea,-73.168784,-40.54925,CL,2021,HUMAN_OBSERVATION,TRUE,TRUE,TRUE,TRUE,TRUE,TRUE,TRUE
lapageria-rosea,-72.997483,-36.9358,CL,2021,HUMAN_OBSERVATION,TRUE,TRUE,TRUE,TRUE,TRUE,TRUE,TRUE
lapageria-rosea,-73.061851,-38.033357,CL,2021,HUMAN_OBSERVATION,TRUE,TRUE,TRUE,TRUE,TRUE,TRUE,TRUE
lapageria-rosea,-73.347511,-38.002934,CL,2021,HUMAN_OBSERVATION,TRUE,TRUE,TRUE,TRUE,TRUE,TRUE,TRUE
lapageria-rosea,-72.705872,-37.811371,CL,2021,HUMAN_OBSERVATION,TRUE,TRUE,TRUE,TRUE,TRUE,TRUE,TRUE
lapageria-rosea,-73.038546,-36.840791,CL,2021,HUMAN_OBSERVATION,TRUE,TRUE,TRUE,TRUE,TRUE,TRUE,TRUE
lapageria-rosea,-72.829132,-37.776081,CL,2021,HUMAN_OBSERVATION,TRUE,TRUE,TRUE,TRUE,TRUE,TRUE,TRUE
lapageria-rosea,-72.286896,-39.725315,CL,2021,HUMAN_OBSERVATION,TRUE,TRUE,TRUE,TRUE,TRUE,TRUE,TRUE
lapageria-rosea,-73.329604,-38.16629,CL,2021,HUMAN_OBSERVATION,TRUE,TRUE,TRUE,TRUE,TRUE,TRUE,TRUE
lapageria-rosea,-72.991737,-36.878728,CL,2021,HUMAN_OBSERVATION,TRUE,TRUE,TRUE,TRUE,TRUE,TRUE,TRUE
lapageria-rosea,-72.616275,-35.94922,CL,2021,HUMAN_OBSERVATION,TRUE,TRUE,TRUE,TRUE,TRUE,TRUE,TRUE
lapageria-rosea,-72.989416,-36.878238,CL,2021,HUMAN_OBSERVATION,TRUE,TRUE,TRUE,TRUE,TRUE,TRUE,TRUE
lapageria-rosea,-71.823964,-39.236974,CL,2021,HUMAN_OBSERVATION,TRUE,TRUE,TRUE,TRUE,TRUE,TRUE,TRUE
lapageria-rosea,-72.60407,-38.661691,CL,2021,HUMAN_OBSERVATION,TRUE,TRUE,TRUE,TRUE,TRUE,TRUE,TRUE
lapageria-rosea,-72.003257,-39.573521,CL,2021,HUMAN_OBSERVATION,TRUE,TRUE,TRUE,TRUE,TRUE,TRUE,TRUE
lapageria-rosea,-73.250916,-38.906803,CL,2021,HUMAN_OBSERVATION,TRUE,TRUE,TRUE,TRUE,TRUE,TRUE,TRUE
lapageria-rosea,-72.668594,-36.432724,CL,2021,HUMAN_OBSERVATION,TRUE,TRUE,TRUE,TRUE,TRUE,TRUE,TRUE
lapageria-rosea,-72.244222,-37.709875,CL,2021,HUMAN_OBSERVATION,TRUE,TRUE,TRUE,TRUE,TRUE,TRUE,TRUE
lapageria-rosea,-72.007912,-39.566288,CL,2021,HUMAN_OBSERVATION,TRUE,TRUE,TRUE,TRUE,TRUE,TRUE,TRUE
lapageria-rosea,-72.296713,-35.45366,CL,2021,HUMAN_OBSERVATION,TRUE,TRUE,TRUE,TRUE,TRUE,TRUE,TRUE
lapageria-rosea,-70.648913,-34.185795,CL,2021,HUMAN_OBSERVATION,TRUE,TRUE,TRUE,TRUE,TRUE,TRUE,TRUE
lapageria-rosea,-73.343753,-39.859228,CL,2021,HUMAN_OBSERVATION,TRUE,TRUE,TRUE,TRUE,TRUE,TRUE,TRUE
lapageria-rosea,-72.983848,-36.74589,CL,2021,HUMAN_OBSERVATION,TRUE,TRUE,TRUE,TRUE,TRUE,TRUE,TRUE
lapageria-rosea,-71.978703,-39.832789,CL,2021,HUMAN_OBSERVATION,TRUE,TRUE,TRUE,TRUE,TRUE,TRUE,TRUE
lapageria-rosea,-71.988514,-34.969874,CL,2021,HUMAN_OBSERVATION,TRUE,TRUE,TRUE,TRUE,TRUE,TRUE,TRUE
lapageria-rosea,-72.508033,-39.549463,CL,2021,HUMAN_OBSERVATION,TRUE,TRUE,TRUE,TRUE,TRUE,TRUE,TRUE
lapageria-rosea,-73.264162,-39.864503,CL,2021,HUMAN_OBSERVATION,TRUE,TRUE,TRUE,TRUE,TRUE,TRUE,TRUE
lapageria-rosea,-71.208538,-35.597685,CL,2021,HUMAN_OBSERVATION,TRUE,TRUE,TRUE,TRUE,TRUE,TRUE,TRUE
lapageria-rosea,-72.508621,-35.830898,CL,2021,HUMAN_OBSERVATION,TRUE,TRUE,TRUE,TRUE,TRUE,TRUE,TRUE
lapageria-rosea,-72.993304,-36.876394,CL,2021,HUMAN_OBSERVATION,TRUE,TRUE,TRUE,TRUE,TRUE,TRUE,TRUE
lapageria-rosea,-72.224647,-39.457633,CL,2021,HUMAN_OBSERVATION,TRUE,TRUE,TRUE,TRUE,TRUE,TRUE,TRUE
lapageria-rosea,-71.929852,-39.315515,CL,2021,HUMAN_OBSERVATION,TRUE,TRUE,TRUE,TRUE,TRUE,TRUE,TRUE
lapageria-rosea,-72.9907,-36.878655,CL,2021,HUMAN_OBSERVATION,TRUE,TRUE,TRUE,TRUE,TRUE,TRUE,TRUE
lapageria-rosea,-72.822608,-39.897829,CL,2021,HUMAN_OBSERVATION,TRUE,TRUE,TRUE,TRUE,TRUE,TRUE,TRUE
lapageria-rosea,-72.058976,-39.540989,CL,2021,HUMAN_OBSERVATION,TRUE,TRUE,TRUE,TRUE,TRUE,TRUE,TRUE
lapageria-rosea,-72.618422,-38.72559,CL,2021,HUMAN_OBSERVATION,TRUE,TRUE,TRUE,TRUE,TRUE,TRUE,TRUE
lapageria-rosea,-73.036414,-36.833278,CL,2021,HUMAN_OBSERVATION,TRUE,TRUE,TRUE,TRUE,TRUE,TRUE,TRUE
lapageria-rosea,-72.53035,-36.711042,CL,2020,HUMAN_OBSERVATION,TRUE,TRUE,TRUE,TRUE,TRUE,TRUE,TRUE
lapageria-rosea,-72.1089,-39.506397,CL,2020,HUMAN_OBSERVATION,TRUE,TRUE,TRUE,TRUE,TRUE,TRUE,TRUE
lapageria-rosea,-73.090795,-36.944083,CL,2020,HUMAN_OBSERVATION,TRUE,TRUE,TRUE,TRUE,TRUE,TRUE,TRUE
lapageria-rosea,-71.861297,-39.28043,CL,2020,HUMAN_OBSERVATION,TRUE,TRUE,TRUE,TRUE,TRUE,TRUE,TRUE
lapageria-rosea,-73.245232,-39.840008,CL,2020,HUMAN_OBSERVATION,TRUE,TRUE,TRUE,TRUE,TRUE,TRUE,TRUE
lapageria-rosea,-73.048293,-36.837602,CL,2020,HUMAN_OBSERVATION,TRUE,TRUE,TRUE,TRUE,TRUE,TRUE,TRUE
lapageria-rosea,-73.047263,-36.83664,CL,2020,HUMAN_OBSERVATION,TRUE,TRUE,TRUE,TRUE,TRUE,TRUE,TRUE
lapageria-rosea,-71.854297,-39.743536,CL,2020,HUMAN_OBSERVATION,TRUE,TRUE,TRUE,TRUE,TRUE,TRUE,TRUE
lapageria-rosea,-73.094711,-36.859539,CL,2020,HUMAN_OBSERVATION,TRUE,TRUE,TRUE,TRUE,TRUE,TRUE,TRUE
lapageria-rosea,-72.335478,-39.401106,CL,2020,HUMAN_OBSERVATION,TRUE,TRUE,TRUE,TRUE,TRUE,TRUE,TRUE
lapageria-rosea,-72.195378,-40.260322,CL,2020,HUMAN_OBSERVATION,TRUE,TRUE,TRUE,TRUE,TRUE,TRUE,TRUE
lapageria-rosea,-72.801395,-36.798121,CL,2020,HUMAN_OBSERVATION,TRUE,TRUE,TRUE,TRUE,TRUE,TRUE,TRUE
lapageria-rosea,-71.802872,-38.151773,CL,2020,HUMAN_OBSERVATION,TRUE,TRUE,TRUE,TRUE,TRUE,TRUE,TRUE
lapageria-rosea,-72.588137,-38.722713,CL,2020,HUMAN_OBSERVATION,TRUE,TRUE,TRUE,TRUE,TRUE,TRUE,TRUE
lapageria-rosea,-72.588137,-38.722738,CL,2020,HUMAN_OBSERVATION,TRUE,TRUE,TRUE,TRUE,TRUE,TRUE,TRUE
lapageria-rosea,-72.231997,-37.710682,CL,2020,HUMAN_OBSERVATION,TRUE,TRUE,TRUE,TRUE,TRUE,TRUE,TRUE
lapageria-rosea,-73.089494,-39.916176,CL,2020,HUMAN_OBSERVATION,TRUE,TRUE,TRUE,TRUE,TRUE,TRUE,TRUE
lapageria-rosea,-71.656664,-39.227379,CL,2020,HUMAN_OBSERVATION,TRUE,TRUE,TRUE,TRUE,TRUE,TRUE,TRUE
lapageria-rosea,-73.197283,-39.810604,CL,2020,HUMAN_OBSERVATION,TRUE,TRUE,TRUE,TRUE,TRUE,TRUE,TRUE
lapageria-rosea,-73.315882,-39.77466,CL,2020,HUMAN_OBSERVATION,TRUE,TRUE,TRUE,TRUE,TRUE,TRUE,TRUE
lapageria-rosea,-73.223949,-39.306678,CL,2020,HUMAN_OBSERVATION,TRUE,TRUE,TRUE,TRUE,TRUE,TRUE,TRUE
lapageria-rosea,-73.145833,-39.868376,CL,2020,HUMAN_OBSERVATION,TRUE,TRUE,TRUE,TRUE,TRUE,TRUE,TRUE
lapageria-rosea,-73.391312,-39.883987,CL,2020,HUMAN_OBSERVATION,TRUE,TRUE,TRUE,TRUE,TRUE,TRUE,TRUE
lapageria-rosea,-73.071688,-36.866609,CL,2020,HUMAN_OBSERVATION,TRUE,TRUE,TRUE,TRUE,TRUE,TRUE,TRUE
lapageria-rosea,-73.391312,-39.883987,CL,2020,HUMAN_OBSERVATION,TRUE,TRUE,TRUE,TRUE,TRUE,TRUE,TRUE
lapageria-rosea,-73.391312,-39.883987,CL,2020,HUMAN_OBSERVATION,TRUE,TRUE,TRUE,TRUE,TRUE,TRUE,TRUE
lapageria-rosea,-73.391312,-39.883987,CL,2020,HUMAN_OBSERVATION,TRUE,TRUE,TRUE,TRUE,TRUE,TRUE,TRUE
lapageria-rosea,-73.391312,-39.883987,CL,2020,HUMAN_OBSERVATION,TRUE,TRUE,TRUE,TRUE,TRUE,TRUE,TRUE
lapageria-rosea,-73.391312,-39.883987,CL,2020,HUMAN_OBSERVATION,TRUE,TRUE,TRUE,TRUE,TRUE,TRUE,TRUE
lapageria-rosea,-72.588858,-38.727275,CL,2020,HUMAN_OBSERVATION,TRUE,TRUE,TRUE,TRUE,TRUE,TRUE,TRUE
lapageria-rosea,-72.833388,-39.924469,CL,2020,HUMAN_OBSERVATION,TRUE,TRUE,TRUE,TRUE,TRUE,TRUE,TRUE
lapageria-rosea,-72.296252,-35.447055,CL,2020,HUMAN_OBSERVATION,TRUE,TRUE,TRUE,TRUE,TRUE,TRUE,TRUE
lapageria-rosea,-73.237644,-39.835975,CL,2020,HUMAN_OBSERVATION,TRUE,TRUE,TRUE,TRUE,TRUE,TRUE,TRUE
lapageria-rosea,-71.754444,-38.4625,CL,2020,HUMAN_OBSERVATION,TRUE,TRUE,TRUE,TRUE,TRUE,TRUE,TRUE
lapageria-rosea,-71.368523,-36.239052,CL,2020,HUMAN_OBSERVATION,TRUE,TRUE,TRUE,TRUE,TRUE,TRUE,TRUE
lapageria-rosea,-71.97692,-39.321137,CL,2020,HUMAN_OBSERVATION,TRUE,TRUE,TRUE,TRUE,TRUE,TRUE,TRUE
lapageria-rosea,-71.368523,-36.239052,CL,2020,HUMAN_OBSERVATION,TRUE,TRUE,TRUE,TRUE,TRUE,TRUE,TRUE
lapageria-rosea,-72.731046,-36.825649,CL,2020,HUMAN_OBSERVATION,TRUE,TRUE,TRUE,TRUE,TRUE,TRUE,TRUE
lapageria-rosea,-72.972633,-36.757164,CL,2020,HUMAN_OBSERVATION,TRUE,TRUE,TRUE,TRUE,TRUE,TRUE,TRUE
lapageria-rosea,-72.958794,-36.760769,CL,2020,HUMAN_OBSERVATION,TRUE,TRUE,TRUE,TRUE,TRUE,TRUE,TRUE
lapageria-rosea,-71.69119,-36.717548,CL,2020,HUMAN_OBSERVATION,TRUE,TRUE,TRUE,TRUE,TRUE,TRUE,TRUE
lapageria-rosea,-73.137794,-40.568976,CL,2020,HUMAN_OBSERVATION,TRUE,TRUE,TRUE,TRUE,TRUE,TRUE,TRUE
lapageria-rosea,-72.631748,-36.225629,CL,2020,HUMAN_OBSERVATION,TRUE,TRUE,TRUE,TRUE,TRUE,TRUE,TRUE
lapageria-rosea,-73.024729,-36.838761,CL,2020,HUMAN_OBSERVATION,TRUE,TRUE,TRUE,TRUE,TRUE,TRUE,TRUE
lapageria-rosea,-71.401521,-35.965095,CL,2020,HUMAN_OBSERVATION,TRUE,TRUE,TRUE,TRUE,TRUE,TRUE,TRUE
lapageria-rosea,-71.632735,-37.872948,CL,2020,HUMAN_OBSERVATION,TRUE,TRUE,TRUE,TRUE,TRUE,TRUE,TRUE
lapageria-rosea,-72.243449,-37.709902,CL,2020,HUMAN_OBSERVATION,TRUE,TRUE,TRUE,TRUE,TRUE,TRUE,TRUE
lapageria-rosea,-71.6375,-37.878333,CL,2020,HUMAN_OBSERVATION,TRUE,TRUE,TRUE,TRUE,TRUE,TRUE,TRUE
lapageria-rosea,-72.242486,-37.710587,CL,2020,HUMAN_OBSERVATION,TRUE,TRUE,TRUE,TRUE,TRUE,TRUE,TRUE
lapageria-rosea,-71.633513,-37.86862,CL,2020,HUMAN_OBSERVATION,TRUE,TRUE,TRUE,TRUE,TRUE,TRUE,TRUE
lapageria-rosea,-72.503613,-38.850295,CL,2020,HUMAN_OBSERVATION,TRUE,TRUE,TRUE,TRUE,TRUE,TRUE,TRUE
lapageria-rosea,-73.075317,-36.871963,CL,2020,HUMAN_OBSERVATION,TRUE,TRUE,TRUE,TRUE,TRUE,TRUE,TRUE
lapageria-rosea,-73.202509,-37.258328,CL,2020,HUMAN_OBSERVATION,TRUE,TRUE,TRUE,TRUE,TRUE,TRUE,TRUE
lapageria-rosea,-72.3237,-39.653637,CL,2020,HUMAN_OBSERVATION,TRUE,TRUE,TRUE,TRUE,TRUE,TRUE,TRUE
lapageria-rosea,-73.138976,-36.942653,CL,2019,HUMAN_OBSERVATION,TRUE,TRUE,TRUE,TRUE,TRUE,TRUE,TRUE
lapageria-rosea,-72.531111,-36.708611,CL,2019,HUMAN_OBSERVATION,TRUE,TRUE,TRUE,TRUE,TRUE,TRUE,TRUE
lapageria-rosea,-72.531111,-36.708611,CL,2019,HUMAN_OBSERVATION,TRUE,TRUE,TRUE,TRUE,TRUE,TRUE,TRUE
lapageria-rosea,-73.122651,-39.751768,CL,2019,HUMAN_OBSERVATION,TRUE,TRUE,TRUE,TRUE,TRUE,TRUE,TRUE
lapageria-rosea,-73.234444,-37.438332,CL,2019,HUMAN_OBSERVATION,TRUE,TRUE,TRUE,TRUE,TRUE,TRUE,TRUE
lapageria-rosea,-73.149445,-36.939999,CL,2019,HUMAN_OBSERVATION,TRUE,TRUE,TRUE,TRUE,TRUE,TRUE,TRUE
lapageria-rosea,-72.499517,-35.834444,CL,2019,HUMAN_OBSERVATION,TRUE,TRUE,TRUE,TRUE,TRUE,TRUE,TRUE
lapageria-rosea,-73.037871,-36.840255,CL,2019,HUMAN_OBSERVATION,TRUE,TRUE,TRUE,TRUE,TRUE,TRUE,TRUE
lapageria-rosea,-71.871912,-39.329644,CL,2019,HUMAN_OBSERVATION,TRUE,TRUE,TRUE,TRUE,TRUE,TRUE,TRUE
lapageria-rosea,-72.096992,-39.305755,CL,2019,HUMAN_OBSERVATION,TRUE,TRUE,TRUE,TRUE,TRUE,TRUE,TRUE
lapageria-rosea,-73.229288,-38.014927,CL,2019,HUMAN_OBSERVATION,TRUE,TRUE,TRUE,TRUE,TRUE,TRUE,TRUE
lapageria-rosea,-73.592873,-39.957294,CL,2019,HUMAN_OBSERVATION,TRUE,TRUE,TRUE,TRUE,TRUE,TRUE,TRUE
lapageria-rosea,-71.947864,-39.851761,CL,2019,HUMAN_OBSERVATION,TRUE,TRUE,TRUE,TRUE,TRUE,TRUE,TRUE
lapageria-rosea,-72.509856,-35.834059,CL,2019,HUMAN_OBSERVATION,TRUE,TRUE,TRUE,TRUE,TRUE,TRUE,TRUE
lapageria-rosea,-72.50885,-35.831572,CL,2019,HUMAN_OBSERVATION,TRUE,TRUE,TRUE,TRUE,TRUE,TRUE,TRUE
lapageria-rosea,-71.962657,-39.871613,CL,2019,HUMAN_OBSERVATION,TRUE,TRUE,TRUE,TRUE,TRUE,TRUE,TRUE
lapageria-rosea,-73.392557,-39.867707,CL,2019,HUMAN_OBSERVATION,TRUE,TRUE,TRUE,TRUE,TRUE,TRUE,TRUE
lapageria-rosea,-73.026909,-36.831865,CL,2019,HUMAN_OBSERVATION,TRUE,TRUE,TRUE,TRUE,TRUE,TRUE,TRUE
lapageria-rosea,-73.027746,-36.83384,CL,2019,HUMAN_OBSERVATION,TRUE,TRUE,TRUE,TRUE,TRUE,TRUE,TRUE
lapageria-rosea,-71.82044,-39.222262,CL,2019,HUMAN_OBSERVATION,TRUE,TRUE,TRUE,TRUE,TRUE,TRUE,TRUE
lapageria-rosea,-71.887823,-35.36738,CL,2019,HUMAN_OBSERVATION,TRUE,TRUE,TRUE,TRUE,TRUE,TRUE,TRUE
lapageria-rosea,-73.669665,-40.018006,CL,2019,HUMAN_OBSERVATION,TRUE,TRUE,TRUE,TRUE,TRUE,TRUE,TRUE
lapageria-rosea,-72.993021,-36.878722,CL,2019,HUMAN_OBSERVATION,TRUE,TRUE,TRUE,TRUE,TRUE,TRUE,TRUE
lapageria-rosea,-73.038337,-36.843318,CL,2019,HUMAN_OBSERVATION,TRUE,TRUE,TRUE,TRUE,TRUE,TRUE,TRUE
lapageria-rosea,-71.814468,-37.711359,CL,2019,HUMAN_OBSERVATION,TRUE,TRUE,TRUE,TRUE,TRUE,TRUE,TRUE
lapageria-rosea,-72.314544,-35.667748,CL,2019,HUMAN_OBSERVATION,TRUE,TRUE,TRUE,TRUE,TRUE,TRUE,TRUE
lapageria-rosea,-72.430354,-36.39333,CL,2019,HUMAN_OBSERVATION,TRUE,TRUE,TRUE,TRUE,TRUE,TRUE,TRUE
lapageria-rosea,-72.958807,-36.754512,CL,2019,HUMAN_OBSERVATION,TRUE,TRUE,TRUE,TRUE,TRUE,TRUE,TRUE
lapageria-rosea,-72.464026,-40.139731,CL,2019,HUMAN_OBSERVATION,TRUE,TRUE,TRUE,TRUE,TRUE,TRUE,TRUE
lapageria-rosea,-72.334274,-39.642111,CL,2019,HUMAN_OBSERVATION,TRUE,TRUE,TRUE,TRUE,TRUE,TRUE,TRUE
lapageria-rosea,-72.326938,-39.640384,CL,2019,HUMAN_OBSERVATION,TRUE,TRUE,TRUE,TRUE,TRUE,TRUE,TRUE
lapageria-rosea,-72.0167,-37.6667,CL,2019,HUMAN_OBSERVATION,TRUE,TRUE,TRUE,TRUE,TRUE,TRUE,TRUE
lapageria-rosea,-73.038188,-36.838168,CL,2019,HUMAN_OBSERVATION,TRUE,TRUE,TRUE,TRUE,TRUE,TRUE,TRUE
lapageria-rosea,-72.43564,-36.37729,CL,2019,HUMAN_OBSERVATION,TRUE,TRUE,TRUE,TRUE,TRUE,TRUE,TRUE
lapageria-rosea,-71.883163,-36.64864,CL,2019,HUMAN_OBSERVATION,TRUE,TRUE,TRUE,TRUE,TRUE,TRUE,TRUE
lapageria-rosea,-73.751848,-40.603205,CL,2018,HUMAN_OBSERVATION,TRUE,TRUE,TRUE,TRUE,TRUE,TRUE,TRUE
lapageria-rosea,-73.038784,-36.839988,CL,2018,HUMAN_OBSERVATION,TRUE,TRUE,TRUE,TRUE,TRUE,TRUE,TRUE
lapageria-rosea,-73.651589,-39.981177,CL,2018,HUMAN_OBSERVATION,TRUE,TRUE,TRUE,TRUE,TRUE,TRUE,TRUE
lapageria-rosea,-73.64723,-40.081115,CL,2018,HUMAN_OBSERVATION,TRUE,TRUE,TRUE,TRUE,TRUE,TRUE,TRUE
lapageria-rosea,-73.047731,-36.847308,CL,2018,HUMAN_OBSERVATION,TRUE,TRUE,TRUE,TRUE,TRUE,TRUE,TRUE
lapageria-rosea,-71.142814,-35.196105,CL,2018,HUMAN_OBSERVATION,TRUE,TRUE,TRUE,TRUE,TRUE,TRUE,TRUE
lapageria-rosea,-72.880503,-36.802958,CL,2018,HUMAN_OBSERVATION,TRUE,TRUE,TRUE,TRUE,TRUE,TRUE,TRUE
lapageria-rosea,-73.045219,-36.836091,CL,2018,HUMAN_OBSERVATION,TRUE,TRUE,TRUE,TRUE,TRUE,TRUE,TRUE
lapageria-rosea,-73.041907,-36.839961,CL,2018,HUMAN_OBSERVATION,TRUE,TRUE,TRUE,TRUE,TRUE,TRUE,TRUE
lapageria-rosea,-73.262112,-39.790081,CL,2018,HUMAN_OBSERVATION,TRUE,TRUE,TRUE,TRUE,TRUE,TRUE,TRUE
lapageria-rosea,-72.506944,-35.834722,CL,2018,HUMAN_OBSERVATION,TRUE,TRUE,TRUE,TRUE,TRUE,TRUE,TRUE
lapageria-rosea,-72.605606,-38.659496,CL,2018,HUMAN_OBSERVATION,TRUE,TRUE,TRUE,TRUE,TRUE,TRUE,TRUE
lapageria-rosea,-72.583333,-38.716944,CL,2018,HUMAN_OBSERVATION,TRUE,TRUE,TRUE,TRUE,TRUE,TRUE,TRUE
lapageria-rosea,-73.389361,-39.85601,CL,2018,HUMAN_OBSERVATION,TRUE,TRUE,TRUE,TRUE,TRUE,TRUE,TRUE
lapageria-rosea,-71.970413,-39.848613,CL,2018,HUMAN_OBSERVATION,TRUE,TRUE,TRUE,TRUE,TRUE,TRUE,TRUE
lapageria-rosea,-71.95,-39.8,CL,2018,HUMAN_OBSERVATION,TRUE,TRUE,TRUE,TRUE,TRUE,TRUE,TRUE
lapageria-rosea,-71.67658,-30.67059,CL,2018,HUMAN_OBSERVATION,TRUE,TRUE,TRUE,TRUE,TRUE,TRUE,TRUE
lapageria-rosea,-73.255208,-39.805507,CL,2018,HUMAN_OBSERVATION,TRUE,TRUE,TRUE,TRUE,TRUE,TRUE,TRUE
lapageria-rosea,-72.522873,-39.746666,CL,2018,HUMAN_OBSERVATION,TRUE,TRUE,TRUE,TRUE,TRUE,TRUE,TRUE
lapageria-rosea,-71.1539,-35.581958,CL,2018,HUMAN_OBSERVATION,TRUE,TRUE,TRUE,TRUE,TRUE,TRUE,TRUE
lapageria-rosea,-71.705994,-36.847786,CL,2018,HUMAN_OBSERVATION,TRUE,TRUE,TRUE,TRUE,TRUE,TRUE,TRUE
lapageria-rosea,-71.708886,-36.847114,CL,2018,HUMAN_OBSERVATION,TRUE,TRUE,TRUE,TRUE,TRUE,TRUE,TRUE
lapageria-rosea,-71.720811,-36.845458,CL,2018,HUMAN_OBSERVATION,TRUE,TRUE,TRUE,TRUE,TRUE,TRUE,TRUE
lapageria-rosea,-71.777581,-36.841042,CL,2018,HUMAN_OBSERVATION,TRUE,TRUE,TRUE,TRUE,TRUE,TRUE,TRUE
lapageria-rosea,-72.594709,-36.652282,CL,2018,HUMAN_OBSERVATION,TRUE,TRUE,TRUE,TRUE,TRUE,TRUE,TRUE
lapageria-rosea,-73.354656,-37.692907,CL,2018,HUMAN_OBSERVATION,TRUE,TRUE,TRUE,TRUE,TRUE,TRUE,TRUE
lapageria-rosea,-73.354399,-37.692907,CL,2018,HUMAN_OBSERVATION,TRUE,TRUE,TRUE,TRUE,TRUE,TRUE,TRUE
lapageria-rosea,-73.354571000000007,-37.69345,CL,2018,HUMAN_OBSERVATION,TRUE,TRUE,TRUE,TRUE,TRUE,TRUE,TRUE
lapageria-rosea,-73.354399,-37.692635,CL,2018,HUMAN_OBSERVATION,TRUE,TRUE,TRUE,TRUE,TRUE,TRUE,TRUE
lapageria-rosea,-73.354132,-37.693299,CL,2018,HUMAN_OBSERVATION,TRUE,TRUE,TRUE,TRUE,TRUE,TRUE,TRUE
lapageria-rosea,-72.916625,-40.346855,CL,2018,HUMAN_OBSERVATION,TRUE,TRUE,TRUE,TRUE,TRUE,TRUE,TRUE
lapageria-rosea,-72.929833,-40.330617,CL,2018,HUMAN_OBSERVATION,TRUE,TRUE,TRUE,TRUE,TRUE,TRUE,TRUE
lapageria-rosea,-73.408112,-40.657822,CL,2018,HUMAN_OBSERVATION,TRUE,TRUE,TRUE,TRUE,TRUE,TRUE,TRUE
lapageria-rosea,-73.561142,-39.951617,CL,2018,HUMAN_OBSERVATION,TRUE,TRUE,TRUE,TRUE,TRUE,TRUE,TRUE
lapageria-rosea,-72.454796,-39.027861,CL,2018,HUMAN_OBSERVATION,TRUE,TRUE,TRUE,TRUE,TRUE,TRUE,TRUE
lapageria-rosea,-71.697875,-36.851494,CL,2018,HUMAN_OBSERVATION,TRUE,TRUE,TRUE,TRUE,TRUE,TRUE,TRUE
lapageria-rosea,-72.422622,-39.82648,CL,2018,HUMAN_OBSERVATION,TRUE,TRUE,TRUE,TRUE,TRUE,TRUE,TRUE
lapageria-rosea,-72.422622,-39.82648,CL,2018,HUMAN_OBSERVATION,TRUE,TRUE,TRUE,TRUE,TRUE,TRUE,TRUE
lapageria-rosea,-72.589203,-38.718327,CL,2018,HUMAN_OBSERVATION,TRUE,TRUE,TRUE,TRUE,TRUE,TRUE,TRUE
lapageria-rosea,-70.503539,-33.367071,CL,2018,HUMAN_OBSERVATION,TRUE,TRUE,TRUE,TRUE,TRUE,TRUE,TRUE
lapageria-rosea,-72.589203,-38.718327,CL,2018,HUMAN_OBSERVATION,TRUE,TRUE,TRUE,TRUE,TRUE,TRUE,TRUE
lapageria-rosea,-71.645225,-36.84795,CL,2018,HUMAN_OBSERVATION,TRUE,TRUE,TRUE,TRUE,TRUE,TRUE,TRUE
lapageria-rosea,-72.810204,-39.854993,CL,2017,HUMAN_OBSERVATION,TRUE,TRUE,TRUE,TRUE,TRUE,TRUE,TRUE
lapageria-rosea,-71.639842,-37.33821,CL,2017,HUMAN_OBSERVATION,TRUE,TRUE,TRUE,TRUE,TRUE,TRUE,TRUE
lapageria-rosea,-73.089556,-37.818056,CL,2017,LIVING_SPECIMEN,TRUE,TRUE,TRUE,TRUE,TRUE,TRUE,TRUE
lapageria-rosea,-73.089444,-37.818056,CL,2017,PRESERVED_SPECIMEN,TRUE,TRUE,TRUE,TRUE,TRUE,TRUE,TRUE
lapageria-rosea,-73.749817,-40.611144,CL,2017,HUMAN_OBSERVATION,TRUE,TRUE,TRUE,TRUE,TRUE,TRUE,TRUE
lapageria-rosea,-73.749947,-40.610997,CL,2017,HUMAN_OBSERVATION,TRUE,TRUE,TRUE,TRUE,TRUE,TRUE,TRUE
lapageria-rosea,-72.057397,-39.086547,CL,2017,HUMAN_OBSERVATION,TRUE,TRUE,TRUE,TRUE,TRUE,TRUE,TRUE
lapageria-rosea,-73.327737,-37.253795,CL,2017,HUMAN_OBSERVATION,TRUE,TRUE,TRUE,TRUE,TRUE,TRUE,TRUE
lapageria-rosea,-72.008111,-39.565995,CL,2017,HUMAN_OBSERVATION,TRUE,TRUE,TRUE,TRUE,TRUE,TRUE,TRUE
lapageria-rosea,-73.741248,-40.605366,CL,2017,HUMAN_OBSERVATION,TRUE,TRUE,TRUE,TRUE,TRUE,TRUE,TRUE
lapageria-rosea,-72.98944,-37.01778,CL,2017,HUMAN_OBSERVATION,TRUE,TRUE,TRUE,TRUE,TRUE,TRUE,TRUE
lapageria-rosea,-72.989441,-37.017776,CL,2017,HUMAN_OBSERVATION,TRUE,TRUE,TRUE,TRUE,TRUE,TRUE,TRUE
lapageria-rosea,-71.810162,-38.038915,CL,2017,HUMAN_OBSERVATION,TRUE,TRUE,TRUE,TRUE,TRUE,TRUE,TRUE
lapageria-rosea,-71.723013,-40.027778,CL,2017,HUMAN_OBSERVATION,TRUE,TRUE,TRUE,TRUE,TRUE,TRUE,TRUE
lapageria-rosea,-73.036819,-36.828068,CL,2017,HUMAN_OBSERVATION,TRUE,TRUE,TRUE,TRUE,TRUE,TRUE,TRUE
lapageria-rosea,-71.7785,-39.08767,CL,2017,HUMAN_OBSERVATION,TRUE,TRUE,TRUE,TRUE,TRUE,TRUE,TRUE
lapageria-rosea,-72.143399,-39.344902,CL,2017,HUMAN_OBSERVATION,TRUE,TRUE,TRUE,TRUE,TRUE,TRUE,TRUE
lapageria-rosea,-71.83075,-39.238772,CL,2016,HUMAN_OBSERVATION,TRUE,TRUE,TRUE,TRUE,TRUE,TRUE,TRUE
lapageria-rosea,-72.304711,-35.45042,CL,2016,HUMAN_OBSERVATION,TRUE,TRUE,TRUE,TRUE,TRUE,TRUE,TRUE
lapageria-rosea,-73.036763,-36.823761,CL,2016,HUMAN_OBSERVATION,TRUE,TRUE,TRUE,TRUE,TRUE,TRUE,TRUE
lapageria-rosea,-73.049225,-36.828549,CL,2016,HUMAN_OBSERVATION,TRUE,TRUE,TRUE,TRUE,TRUE,TRUE,TRUE
lapageria-rosea,-72.676,-37.502494,CL,2016,HUMAN_OBSERVATION,TRUE,TRUE,TRUE,TRUE,TRUE,TRUE,TRUE
lapageria-rosea,-73.087321,-36.780384,CL,2016,HUMAN_OBSERVATION,TRUE,TRUE,TRUE,TRUE,TRUE,TRUE,TRUE
lapageria-rosea,-70.530869,-33.388646,CL,2016,HUMAN_OBSERVATION,TRUE,TRUE,TRUE,TRUE,TRUE,TRUE,TRUE
lapageria-rosea,-73.04925,-36.82856,CL,2016,HUMAN_OBSERVATION,TRUE,TRUE,TRUE,TRUE,TRUE,TRUE,TRUE
lapageria-rosea,-73.391974,-37.80582,CL,2016,HUMAN_OBSERVATION,TRUE,TRUE,TRUE,TRUE,TRUE,TRUE,TRUE
lapageria-rosea,-70.530869,-33.388646,CL,2016,HUMAN_OBSERVATION,TRUE,TRUE,TRUE,TRUE,TRUE,TRUE,TRUE
lapageria-rosea,-73.049225,-36.828549,CL,2016,HUMAN_OBSERVATION,TRUE,TRUE,TRUE,TRUE,TRUE,TRUE,TRUE
lapageria-rosea,-71.957832,-39.279308,CL,2016,HUMAN_OBSERVATION,TRUE,TRUE,TRUE,TRUE,TRUE,TRUE,TRUE
lapageria-rosea,-73.350102,-39.671365,CL,2016,HUMAN_OBSERVATION,TRUE,TRUE,TRUE,TRUE,TRUE,TRUE,TRUE
lapageria-rosea,-71.775467,-39.352162,CL,2016,HUMAN_OBSERVATION,TRUE,TRUE,TRUE,TRUE,TRUE,TRUE,TRUE
lapageria-rosea,-70.7194,-33.35197,CL,2016,HUMAN_OBSERVATION,TRUE,TRUE,TRUE,TRUE,TRUE,TRUE,TRUE
lapageria-rosea,-70.7194,-33.35197,CL,2016,HUMAN_OBSERVATION,TRUE,TRUE,TRUE,TRUE,TRUE,TRUE,TRUE
lapageria-rosea,-73.245232,-39.840008,CL,2016,HUMAN_OBSERVATION,TRUE,TRUE,TRUE,TRUE,TRUE,TRUE,TRUE
lapageria-rosea,-73.178608,-38.015265,CL,2016,HUMAN_OBSERVATION,TRUE,TRUE,TRUE,TRUE,TRUE,TRUE,TRUE
lapageria-rosea,-71.083447,-35.586962,CL,2016,HUMAN_OBSERVATION,TRUE,TRUE,TRUE,TRUE,TRUE,TRUE,TRUE
lapageria-rosea,-73.27665,-39.83012,CL,2016,HUMAN_OBSERVATION,TRUE,TRUE,TRUE,TRUE,TRUE,TRUE,TRUE
lapageria-rosea,-73.719282,-40.235887,CL,2016,HUMAN_OBSERVATION,TRUE,TRUE,TRUE,TRUE,TRUE,TRUE,TRUE
lapageria-rosea,-72.507731,-35.830517,CL,2015,HUMAN_OBSERVATION,TRUE,TRUE,TRUE,TRUE,TRUE,TRUE,TRUE
lapageria-rosea,-73.29409,-39.767764,CL,2015,HUMAN_OBSERVATION,TRUE,TRUE,TRUE,TRUE,TRUE,TRUE,TRUE
lapageria-rosea,-72.567444,-38.759438,CL,2015,HUMAN_OBSERVATION,TRUE,TRUE,TRUE,TRUE,TRUE,TRUE,TRUE
lapageria-rosea,-72.108477,-39.1656,CL,2015,HUMAN_OBSERVATION,TRUE,TRUE,TRUE,TRUE,TRUE,TRUE,TRUE
lapageria-rosea,-72.108295,-39.165784,CL,2015,HUMAN_OBSERVATION,TRUE,TRUE,TRUE,TRUE,TRUE,TRUE,TRUE
lapageria-rosea,-73.151078,-39.847003,CL,2015,HUMAN_OBSERVATION,TRUE,TRUE,TRUE,TRUE,TRUE,TRUE,TRUE
lapageria-rosea,-73.276525,-39.763754,CL,2015,HUMAN_OBSERVATION,TRUE,TRUE,TRUE,TRUE,TRUE,TRUE,TRUE
lapageria-rosea,-73.237283,-38.015506,CL,2015,HUMAN_OBSERVATION,TRUE,TRUE,TRUE,TRUE,TRUE,TRUE,TRUE
lapageria-rosea,-73.11255,-37.827552,CL,2015,HUMAN_OBSERVATION,TRUE,TRUE,TRUE,TRUE,TRUE,TRUE,TRUE
lapageria-rosea,-73.115019,-37.889642,CL,2015,HUMAN_OBSERVATION,TRUE,TRUE,TRUE,TRUE,TRUE,TRUE,TRUE
lapageria-rosea,-71.955567,-39.85395,CL,2015,HUMAN_OBSERVATION,TRUE,TRUE,TRUE,TRUE,TRUE,TRUE,TRUE
lapageria-rosea,-72.561061,-35.951805,CL,2014,HUMAN_OBSERVATION,TRUE,TRUE,TRUE,TRUE,TRUE,TRUE,TRUE
lapageria-rosea,-72.508417,-35.830677,CL,2014,HUMAN_OBSERVATION,TRUE,TRUE,TRUE,TRUE,TRUE,TRUE,TRUE
lapageria-rosea,-73.648,-39.967,CL,2014,HUMAN_OBSERVATION,TRUE,TRUE,TRUE,TRUE,TRUE,TRUE,TRUE
lapageria-rosea,-73.648,-39.968,CL,2014,HUMAN_OBSERVATION,TRUE,TRUE,TRUE,TRUE,TRUE,TRUE,TRUE
lapageria-rosea,-73.649,-39.966,CL,2014,HUMAN_OBSERVATION,TRUE,TRUE,TRUE,TRUE,TRUE,TRUE,TRUE
lapageria-rosea,-72.993314,-36.876394,CL,2014,HUMAN_OBSERVATION,TRUE,TRUE,TRUE,TRUE,TRUE,TRUE,TRUE
lapageria-rosea,-72.993297,-36.876396,CL,2014,HUMAN_OBSERVATION,TRUE,TRUE,TRUE,TRUE,TRUE,TRUE,TRUE
lapageria-rosea,-72.731045,-36.825649,CL,2014,HUMAN_OBSERVATION,TRUE,TRUE,TRUE,TRUE,TRUE,TRUE,TRUE
lapageria-rosea,-71.849131,-36.633687,CL,2014,HUMAN_OBSERVATION,TRUE,TRUE,TRUE,TRUE,TRUE,TRUE,TRUE
lapageria-rosea,-71.615011,-36.825332,CL,2014,HUMAN_OBSERVATION,TRUE,TRUE,TRUE,TRUE,TRUE,TRUE,TRUE
lapageria-rosea,-71.828703,-36.616466,CL,2014,HUMAN_OBSERVATION,TRUE,TRUE,TRUE,TRUE,TRUE,TRUE,TRUE
lapageria-rosea,-72.688389,-35.980472,CL,2013,PRESERVED_SPECIMEN,TRUE,TRUE,TRUE,TRUE,TRUE,TRUE,TRUE
lapageria-rosea,-72.73121,-36.825825,CL,2013,HUMAN_OBSERVATION,TRUE,TRUE,TRUE,TRUE,TRUE,TRUE,TRUE
lapageria-rosea,-72.688389,-35.980472,CL,2013,PRESERVED_SPECIMEN,TRUE,TRUE,TRUE,TRUE,TRUE,TRUE,TRUE
lapageria-rosea,-72.688333,-35.980556,CL,2013,PRESERVED_SPECIMEN,TRUE,TRUE,TRUE,TRUE,TRUE,TRUE,TRUE
lapageria-rosea,-71.976777,-39.318152,CL,2013,HUMAN_OBSERVATION,TRUE,TRUE,TRUE,TRUE,TRUE,TRUE,TRUE
lapageria-rosea,-73.119807,-39.795876,CL,2013,HUMAN_OBSERVATION,TRUE,TRUE,TRUE,TRUE,TRUE,TRUE,TRUE
lapageria-rosea,-73.06244,-37.044319,CL,2013,HUMAN_OBSERVATION,TRUE,TRUE,TRUE,TRUE,TRUE,TRUE,TRUE
lapageria-rosea,-73.257198,-38.087752,CL,2013,HUMAN_OBSERVATION,TRUE,TRUE,TRUE,TRUE,TRUE,TRUE,TRUE
lapageria-rosea,-73.228921,-37.944457,CL,2012,HUMAN_OBSERVATION,TRUE,TRUE,TRUE,TRUE,TRUE,TRUE,TRUE
lapageria-rosea,-72.686726,-37.822308,CL,2012,HUMAN_OBSERVATION,TRUE,TRUE,TRUE,TRUE,TRUE,TRUE,TRUE
lapageria-rosea,-71.628361,-36.874361,CL,2012,LIVING_SPECIMEN,TRUE,TRUE,TRUE,TRUE,TRUE,TRUE,TRUE
lapageria-rosea,-71.617942,-37.895958,CL,2012,HUMAN_OBSERVATION,TRUE,TRUE,TRUE,TRUE,TRUE,TRUE,TRUE
lapageria-rosea,-71.406139,-36.322917,CL,2011,LIVING_SPECIMEN,TRUE,TRUE,TRUE,TRUE,TRUE,TRUE,TRUE
lapageria-rosea,-73.182986,-38.014251,CL,2011,HUMAN_OBSERVATION,TRUE,TRUE,TRUE,TRUE,TRUE,TRUE,TRUE
lapageria-rosea,-73.200056,-38.027437,CL,2011,HUMAN_OBSERVATION,TRUE,TRUE,TRUE,TRUE,TRUE,TRUE,TRUE
lapageria-rosea,-73.225419,-39.825874,CL,2011,HUMAN_OBSERVATION,TRUE,TRUE,TRUE,TRUE,TRUE,TRUE,TRUE
lapageria-rosea,-72.731045,-36.825649,CL,2011,HUMAN_OBSERVATION,TRUE,TRUE,TRUE,TRUE,TRUE,TRUE,TRUE
lapageria-rosea,-72.731045,-36.825649,CL,2011,HUMAN_OBSERVATION,TRUE,TRUE,TRUE,TRUE,TRUE,TRUE,TRUE
lapageria-rosea,-72.731045,-36.825649,CL,2011,HUMAN_OBSERVATION,TRUE,TRUE,TRUE,TRUE,TRUE,TRUE,TRUE
lapageria-rosea,-72.107447,-39.1656,CL,2010,HUMAN_OBSERVATION,TRUE,TRUE,TRUE,TRUE,TRUE,TRUE,TRUE
lapageria-rosea,-73.593848,-39.958261,CL,2010,HUMAN_OBSERVATION,TRUE,TRUE,TRUE,TRUE,TRUE,TRUE,TRUE
lapageria-rosea,-72.098479,-39.299888,CL,2009,HUMAN_OBSERVATION,TRUE,TRUE,TRUE,TRUE,TRUE,TRUE,TRUE
lapageria-rosea,-73.026982,-36.836039,CL,2009,HUMAN_OBSERVATION,TRUE,TRUE,TRUE,TRUE,TRUE,TRUE,TRUE
lapageria-rosea,-72.106932,-39.166066,CL,2009,HUMAN_OBSERVATION,TRUE,TRUE,TRUE,TRUE,TRUE,TRUE,TRUE
lapageria-rosea,-72.107876,-39.165001,CL,2009,HUMAN_OBSERVATION,TRUE,TRUE,TRUE,TRUE,TRUE,TRUE,TRUE
lapageria-rosea,-73.180982,-38.01474,CL,2009,HUMAN_OBSERVATION,TRUE,TRUE,TRUE,TRUE,TRUE,TRUE,TRUE
lapageria-rosea,-73.179724,-38.014521,CL,2009,HUMAN_OBSERVATION,TRUE,TRUE,TRUE,TRUE,TRUE,TRUE,TRUE
lapageria-rosea,-73.178064,-38.014064,CL,2009,HUMAN_OBSERVATION,TRUE,TRUE,TRUE,TRUE,TRUE,TRUE,TRUE
lapageria-rosea,-72.430354,-36.39333,CL,2009,HUMAN_OBSERVATION,TRUE,TRUE,TRUE,TRUE,TRUE,TRUE,TRUE
lapageria-rosea,-71.623495,-37.902267,CL,2008,HUMAN_OBSERVATION,TRUE,TRUE,TRUE,TRUE,TRUE,TRUE,TRUE
lapageria-rosea,-72.736412,-36.82271,CL,2008,HUMAN_OBSERVATION,TRUE,TRUE,TRUE,TRUE,TRUE,TRUE,TRUE
lapageria-rosea,-71.602613,-35.836873,CL,2007,HUMAN_OBSERVATION,TRUE,TRUE,TRUE,TRUE,TRUE,TRUE,TRUE
lapageria-rosea,-72.44639,-36.64153,CL,2006,HUMAN_OBSERVATION,TRUE,TRUE,TRUE,TRUE,TRUE,TRUE,TRUE
lapageria-rosea,-73.028183,-36.832686,CL,2006,HUMAN_OBSERVATION,TRUE,TRUE,TRUE,TRUE,TRUE,TRUE,TRUE
lapageria-rosea,-72.615407,-35.94661,CL,2006,HUMAN_OBSERVATION,TRUE,TRUE,TRUE,TRUE,TRUE,TRUE,TRUE
lapageria-rosea,-72.616193,-35.946801,CL,2005,HUMAN_OBSERVATION,TRUE,TRUE,TRUE,TRUE,TRUE,TRUE,TRUE
lapageria-rosea,-72.614682,-35.948116,CL,2005,HUMAN_OBSERVATION,TRUE,TRUE,TRUE,TRUE,TRUE,TRUE,TRUE
lapageria-rosea,-71.734672,-39.176413,CL,2003,HUMAN_OBSERVATION,TRUE,TRUE,TRUE,TRUE,TRUE,TRUE,TRUE
lapageria-rosea,-72.983333,-36.866667,CL,2002,PRESERVED_SPECIMEN,TRUE,TRUE,TRUE,TRUE,TRUE,TRUE,TRUE
lapageria-rosea,-73.661987,-40.573974,CL,2001,HUMAN_OBSERVATION,TRUE,TRUE,TRUE,TRUE,TRUE,TRUE,TRUE
lapageria-rosea,-73.418583,-37.693268,CL,2001,PRESERVED_SPECIMEN,TRUE,TRUE,TRUE,TRUE,TRUE,TRUE,TRUE
lapageria-rosea,-72.8667,-36.4333,CL,2001,PRESERVED_SPECIMEN,TRUE,TRUE,TRUE,TRUE,TRUE,TRUE,TRUE
lapageria-rosea,-73.65,-40.433333,CL,1998,LIVING_SPECIMEN,TRUE,TRUE,TRUE,TRUE,TRUE,TRUE,TRUE
lapageria-rosea,-73.610556,-40.458056,CL,1998,LIVING_SPECIMEN,TRUE,TRUE,TRUE,TRUE,TRUE,TRUE,TRUE
lapageria-rosea,-73.610556,-40.458056,CL,1998,PRESERVED_SPECIMEN,TRUE,TRUE,TRUE,TRUE,TRUE,TRUE,TRUE
lapageria-rosea,-71.9,-39.88,CL,1998,PRESERVED_SPECIMEN,TRUE,TRUE,TRUE,TRUE,TRUE,TRUE,TRUE
lapageria-rosea,-72.51,-38.249167,CL,1998,LIVING_SPECIMEN,TRUE,TRUE,TRUE,TRUE,TRUE,TRUE,TRUE
lapageria-rosea,-72.51,-38.249167,CL,1998,LIVING_SPECIMEN,TRUE,TRUE,TRUE,TRUE,TRUE,TRUE,TRUE
lapageria-rosea,-72.526111,-38.248889,CL,1998,LIVING_SPECIMEN,TRUE,TRUE,TRUE,TRUE,TRUE,TRUE,TRUE
lapageria-rosea,-72.51,-38.249167,CL,1998,PRESERVED_SPECIMEN,TRUE,TRUE,TRUE,TRUE,TRUE,TRUE,TRUE
lapageria-rosea,-73.500278,-40.440278,CL,1996,LIVING_SPECIMEN,TRUE,TRUE,TRUE,TRUE,TRUE,TRUE,TRUE
lapageria-rosea,-72.6,-38.733333,CL,1996,PRESERVED_SPECIMEN,TRUE,TRUE,TRUE,TRUE,TRUE,TRUE,TRUE
lapageria-rosea,-72.506667,-35.844444,CL,1996,PRESERVED_SPECIMEN,TRUE,TRUE,TRUE,TRUE,TRUE,TRUE,TRUE
lapageria-rosea,-73.171032,-38.713041,CL,1994,HUMAN_OBSERVATION,TRUE,TRUE,TRUE,TRUE,TRUE,TRUE,TRUE
lapageria-rosea,-74.119363,-42.592643,CL,1994,HUMAN_OBSERVATION,TRUE,TRUE,TRUE,TRUE,TRUE,TRUE,TRUE
lapageria-rosea,-72.7,-36.816667,CL,1993,LIVING_SPECIMEN,TRUE,TRUE,TRUE,TRUE,TRUE,TRUE,TRUE
lapageria-rosea,-71.533333,-37.783333,CL,1993,LIVING_SPECIMEN,TRUE,TRUE,TRUE,TRUE,TRUE,TRUE,TRUE
lapageria-rosea,-71.533333,-37.783333,CL,1993,PRESERVED_SPECIMEN,TRUE,TRUE,TRUE,TRUE,TRUE,TRUE,TRUE
lapageria-rosea,-73.186833,-38.011407,CL,1992,HUMAN_OBSERVATION,TRUE,TRUE,TRUE,TRUE,TRUE,TRUE,TRUE
lapageria-rosea,-73.393145,-39.795347,CL,1988,PRESERVED_SPECIMEN,TRUE,TRUE,TRUE,TRUE,TRUE,TRUE,TRUE
lapageria-rosea,-73.366667,-40.233333,CL,1988,PRESERVED_SPECIMEN,TRUE,TRUE,TRUE,TRUE,TRUE,TRUE,TRUE
lapageria-rosea,-73.366667,-40.233333,CL,1988,PRESERVED_SPECIMEN,TRUE,TRUE,TRUE,TRUE,TRUE,TRUE,TRUE
lapageria-rosea,-73.166667,-39.5,CL,1986,PRESERVED_SPECIMEN,TRUE,TRUE,TRUE,TRUE,TRUE,TRUE,TRUE
lapageria-rosea,-73.2,-38.21,CL,1984,PRESERVED_SPECIMEN,TRUE,TRUE,TRUE,TRUE,TRUE,TRUE,TRUE
lapageria-rosea,-73.166667,-39.833333,CL,1979,PRESERVED_SPECIMEN,TRUE,TRUE,TRUE,TRUE,TRUE,TRUE,TRUE
lapageria-rosea,-73.166667,-39.833333,CL,1979,PRESERVED_SPECIMEN,TRUE,TRUE,TRUE,TRUE,TRUE,TRUE,TRUE
lapageria-rosea,-71.35,-53.43333,CL,1967,PRESERVED_SPECIMEN,TRUE,TRUE,TRUE,TRUE,TRUE,TRUE,TRUE
lapageria-rosea,-73.116981,-36.724783,CL,1856,PRESERVED_SPECIMEN,TRUE,TRUE,TRUE,TRUE,TRUE,TRUE,TRUE
lapageria-rosea,-71.633333,-36.85,CL,NA,LIVING_SPECIMEN,TRUE,TRUE,TRUE,TRUE,TRUE,TRUE,TRUE
lapageria-rosea,-72.308333,-35.443889,CL,NA,PRESERVED_SPECIMEN,TRUE,TRUE,TRUE,TRUE,TRUE,TRUE,TRUE
